ratio,arm,policy,prefetch,rep,B_bytes,budget_bytes,memory_max,n_prompt,n_decoded,layer_transitions,load_s,ttft_ms,p99_inter_ms,wall_s,tokens_s,io_gen_bytes,pager_bytes_fetched,absent_handled,evictions,prefetches,infeasible,pin_broken,dedup_fetching,resident_end,memory_peak,handler_p99_ns,vmhwm_kb,achieved_mibs,hostcache_flag,rc
0.25,A,mmap,off,1,526233600,526233600,526233600,16,64,2304,0.758,1477.13,1958.393,97.407,0.657,128752144384,,,,,,,,,526233600,,507184,1261,,0
0.25,C,lru,off,1,526233600,526233600,660451328,16,64,2304,0.217,1338.99,1193.640,66.918,0.956,144411901952,144412164096,2817,2813,0,0,0,490,479617024,619921408,134217727,1105152,,,0
0.25,D,layer_order_declared,off,1,526233600,526233600,660451328,16,64,2304,0.190,1126.45,1358.696,70.515,0.908,126141300736,126141304832,2499,2495,0,0,0,476,479617024,608514048,134217727,1096792,,,0
0.25,E,layer_order_declared,on,1,526233600,526233600,660451328,,,,,,,,,,,,,,,,,,612667392,,,,,124
0.25,A,mmap,off,2,526233600,526233600,526233600,16,64,2304,0.750,1601.89,1921.994,106.285,0.602,131025559552,,,,,,,,,526233600,,508536,1176,,0
0.25,C,lru,off,2,526233600,526233600,660451328,16,64,2304,0.247,1695.90,1367.054,80.574,0.794,144411901952,144412164096,2817,2813,0,0,0,490,479617024,619950080,134217727,1105260,,,0
0.25,D,layer_order_declared,off,2,526233600,526233600,660451328,16,64,2304,0.248,1423.24,1360.933,71.247,0.898,126141300736,126141304832,2499,2495,0,0,0,476,479617024,608845824,134217727,1096756,,,0
0.25,E,layer_order_declared,on,2,526233600,526233600,660451328,,,,,,,,,,,,,,,,,,611999744,,,,,124
0.25,A,mmap,off,3,526233600,526233600,526233600,16,64,2304,0.983,2089.63,1761.976,98.952,0.647,129073213440,,,,,,,,,526233600,,512144,1244,,0
0.25,C,lru,off,3,526233600,526233600,660451328,16,64,2304,0.264,1745.62,1336.825,77.873,0.822,144411901952,144412164096,2817,2813,0,0,0,490,479617024,620478464,134217727,1105300,,,0
0.25,D,layer_order_declared,off,3,526233600,526233600,660451328,16,64,2304,0.206,1285.47,1072.663,64.542,0.992,126141300736,126141304832,2499,2495,0,0,0,476,479617024,608448512,134217727,1096916,,,0
0.25,E,layer_order_declared,on,3,526233600,526233600,660451328,,,,,,,,,,,,,,,,,,612626432,,,,,124
0.375,A,mmap,off,1,789350400,789350400,789350400,16,64,2304,0.807,1398.50,1496.353,84.993,0.753,110875607040,,,,,,,,,789348352,,763208,1244,,0
0.375,C,lru,off,1,789350400,789350400,923568128,16,64,2304,0.212,1709.56,1324.776,76.630,0.835,143227273216,143227535360,2753,2743,0,0,0,478,769626112,874635264,134217727,1613676,,,0
0.375,D,layer_order_declared,off,1,789350400,789350400,923568128,16,64,2304,0.230,1427.29,962.693,54.202,1.181,98385899520,98385903616,2030,2020,0,0,0,119,763953152,875511808,134217727,1615700,,,0
0.375,E,layer_order_declared,on,1,789350400,789350400,923568128,16,64,2304,0.230,956.31,892.318,49.135,1.303,111118045184,111118049280,891,2163,1282,0,0,273,757870592,875589632,134217727,1615008,,,0
0.375,A,mmap,off,2,789350400,789350400,789350400,16,64,2304,0.780,1648.77,1560.768,80.675,0.793,109785739264,,,,,,,,,789348352,,761004,1298,,0
0.375,C,lru,off,2,789350400,789350400,923568128,16,64,2304,0.200,1426.67,1103.971,67.232,0.952,143227273216,143227535360,2753,2743,0,0,0,474,769626112,878202880,134217727,1613480,,,0
0.375,D,layer_order_declared,off,2,789350400,789350400,923568128,16,64,2304,0.184,1158.02,884.750,48.307,1.325,98385899520,98385903616,2030,2020,0,0,0,119,763953152,874921984,134217727,1615676,,,0
0.375,E,layer_order_declared,on,2,789350400,789350400,923568128,16,64,2304,0.333,1445.11,913.599,48.070,1.331,111482712064,111559946240,895,2168,1283,0,0,287,769630208,875438080,134217727,1615424,,,0
0.375,A,mmap,off,3,789350400,789350400,789350400,16,64,2304,0.731,1228.86,1312.674,75.452,0.848,110438125568,,,,,,,,,789348352,,758572,1396,,0
0.375,C,lru,off,3,789350400,789350400,923568128,16,64,2304,0.188,1430.49,1336.874,75.143,0.852,143227273216,143227535360,2753,2743,0,0,0,483,769626112,875233280,134217727,1613844,,,0
0.375,D,layer_order_declared,off,3,789350400,789350400,923568128,16,64,2304,0.222,1273.92,941.517,53.289,1.201,98385899520,98385903616,2030,2020,0,0,0,119,763953152,875225088,134217727,1615480,,,0
0.375,E,layer_order_declared,on,3,789350400,789350400,923568128,16,64,2304,0.200,1013.29,834.244,46.614,1.373,110824865792,110824869888,910,2133,1233,0,0,385,763543552,875835392,134217727,1616664,,,0
0.5,A,mmap,off,1,1052467200,1052467200,1052467200,16,64,2304,0.836,1415.33,1257.254,76.069,0.841,111293501440,,,,,,,,,1052467200,,1019820,1395,,0
0.5,C,lru,off,1,1052467200,1052467200,1186684928,16,64,2304,0.182,1741.49,1216.818,66.103,0.968,134509412352,134509674496,2561,2545,0,0,0,475,1041793024,1141428224,134217727,2131944,,,0
0.5,D,layer_order_declared,off,1,1052467200,1052467200,1186684928,16,64,2304,0.198,1273.37,655.825,40.010,1.600,79293825024,79293829120,1614,1598,0,0,0,37,1047740416,1141366784,134217727,2134564,,,0
0.5,E,layer_order_declared,on,1,1052467200,1052467200,1186684928,16,64,2304,0.304,1491.79,970.302,42.736,1.498,86163406848,86212739072,757,1675,934,0,0,133,1035845632,1141641216,134217727,2133944,,,0
0.5,A,mmap,off,2,1052467200,1052467200,1052467200,16,64,2304,1.323,2090.10,2676.174,119.588,0.535,111427616768,,,,,,,,,1052467200,,1019804,889,,0
0.5,C,lru,off,2,1052467200,1052467200,1186684928,16,64,2304,0.244,1678.46,1697.771,79.427,0.806,134509412352,134509674496,2561,2545,0,0,0,475,1041793024,1141522432,134217727,2132196,,,0
0.5,D,layer_order_declared,off,2,1052467200,1052467200,1186684928,16,64,2304,0.197,1249.35,679.587,40.695,1.573,79293825024,79293829120,1614,1598,0,0,0,38,1047740416,1141116928,134217727,2134144,,,0
0.5,E,layer_order_declared,on,2,1052467200,1052467200,1186684928,16,64,2304,0.192,1070.92,1180.240,53.399,1.199,86281232384,86281236480,749,1676,942,0,0,133,1004363776,1141547008,268435455,2134272,,,0
0.5,A,mmap,off,3,1052467200,1052467200,1052467200,16,64,2304,1.104,1953.43,1820.146,103.408,0.619,110554992640,,,,,,,,,1052467200,,1019676,1020,,0
0.5,C,lru,off,3,1052467200,1052467200,1186684928,16,64,2304,0.319,2336.21,1510.618,90.485,0.707,134509412352,134509674496,2561,2545,0,0,0,476,1041793024,1141563392,134217727,2132032,,,0
0.5,D,layer_order_declared,off,3,1052467200,1052467200,1186684928,16,64,2304,0.299,1776.78,953.895,57.620,1.111,79293825024,79293829120,1614,1598,0,0,0,42,1047740416,1141477376,134217727,2134220,,,0
0.5,E,layer_order_declared,on,3,1052467200,1052467200,1186684928,16,64,2304,0.329,1380.08,909.597,51.712,1.238,86109986816,86109990912,768,1689,937,0,0,119,1029898240,1141796864,268435455,2133984,,,0
0.625,A,mmap,off,1,1315584000,1315584000,1315584000,16,64,2304,1.164,1790.50,1697.079,99.463,0.643,103082000384,,,,,,,,,1315581952,,1276012,988,,0
0.625,C,lru,off,1,1315584000,1315584000,1449801728,16,64,2304,0.269,2285.75,1589.927,83.769,0.764,134509412352,134509674496,2561,2539,0,0,0,466,1295319040,1404071936,268435455,2643540,,,0
0.625,D,layer_order_declared,off,1,1315584000,1315584000,1449801728,16,64,2304,0.326,1760.37,769.738,42.989,1.489,60615532544,60615536640,1236,1215,0,0,0,252,1276805120,1404010496,134217727,2646048,,,0
0.625,E,layer_order_declared,on,1,1315584000,1315584000,1449801728,16,64,2304,0.285,1511.09,741.109,41.294,1.550,64642994176,64691277824,632,1245,635,0,0,77,1302200320,1403207680,134217727,2645180,,,0
0.625,A,mmap,off,2,1315584000,1315584000,1315584000,16,64,2304,1.077,2089.16,1686.716,99.454,0.644,105292005376,,,,,,,,,1315581952,,1277504,1010,,0
0.625,C,lru,off,2,1315584000,1315584000,1449801728,16,64,2304,0.298,2118.46,1657.380,89.016,0.719,134509412352,134509674496,2561,2539,0,0,0,473,1295319040,1403531264,268435455,2643720,,,0
0.625,D,layer_order_declared,off,2,1315584000,1315584000,1449801728,16,64,2304,0.314,1766.79,752.857,42.395,1.510,60615532544,60615536640,1236,1215,0,0,0,252,1276805120,1404100608,134217727,2645388,,,0
0.625,E,layer_order_declared,on,2,1315584000,1315584000,1449801728,16,64,2304,0.316,1401.34,740.267,40.989,1.561,65153073152,65153077248,616,1249,655,0,0,84,1308147712,1403891712,134217727,2645624,,,0
0.625,A,mmap,off,3,1315584000,1315584000,1315584000,16,64,2304,0.969,1740.67,1667.028,100.258,0.638,105063272448,,,,,,,,,1315581952,,1276444,999,,0
0.625,C,lru,off,3,1315584000,1315584000,1449801728,16,64,2304,0.310,2103.58,1662.245,89.098,0.718,134509412352,134509674496,2561,2539,0,0,0,469,1295319040,1404067840,268435455,2643400,,,0
0.625,D,layer_order_declared,off,3,1315584000,1315584000,1449801728,16,64,2304,0.323,1743.11,765.627,42.446,1.508,60615532544,60615536640,1236,1215,0,0,0,245,1276805120,1403162624,268435455,2645404,,,0
0.625,E,layer_order_declared,on,3,1315584000,1315584000,1449801728,16,64,2304,0.322,1404.89,762.073,41.037,1.560,64742817792,64742821888,623,1244,643,0,0,63,1314095104,1403850752,134217727,2646948,,,0
0.75,A,mmap,off,1,1578700800,1578700800,1578700800,16,64,2304,1.100,1740.30,1876.467,85.660,0.747,83306905600,,,,,,,,,1578700800,,1535928,927,,0
0.75,C,lru,off,1,1578700800,1578700800,1712918528,16,64,2304,0.296,2307.20,1546.266,84.742,0.755,134509412352,134509674496,2561,2533,0,0,0,473,1542615040,1664360448,134217727,3152172,,,0
0.75,D,layer_order_declared,off,1,1578700800,1578700800,1712918528,16,64,2304,0.221,1284.15,491.176,24.088,2.657,43361349632,43361353728,871,844,0,0,0,210,1536937984,1661943808,134217727,3148484,,,0
0.75,E,layer_order_declared,on,1,1578700800,1578700800,1712918528,16,64,2304,0.200,1073.51,451.462,23.040,2.778,46235951104,46235955200,431,873,470,0,0,77,1542754304,1667993600,134217727,3159888,,,0
0.75,A,mmap,off,2,1578700800,1578700800,1578700800,16,64,2304,0.845,1310.88,1535.193,65.282,0.980,86536765440,,,,,,,,,1578700800,,1535048,1264,,0
0.75,C,lru,off,2,1578700800,1578700800,1712918528,16,64,2304,0.218,1568.55,1486.396,88.948,0.720,134509412352,134509674496,2561,2533,0,0,0,469,1542615040,1670696960,268435455,3151876,,,0
0.75,D,layer_order_declared,off,2,1578700800,1578700800,1712918528,16,64,2304,0.307,1929.24,595.689,33.014,1.939,43361349632,43361353728,871,844,0,0,0,204,1536937984,1662103552,268435455,3148712,,,0
0.75,E,layer_order_declared,on,2,1578700800,1578700800,1712918528,16,64,2304,0.300,1399.33,588.296,31.101,2.058,46048698368,46098030592,427,870,470,0,0,84,1536933888,1667641344,268435455,3159660,,,0
0.75,A,mmap,off,3,1578700800,1578700800,1578700800,16,64,2304,1.437,1846.88,1998.744,85.231,0.751,82278670336,,,,,,,,,1578700800,,1534908,921,,0
0.75,C,lru,off,3,1578700800,1578700800,1712918528,16,64,2304,0.319,2217.83,1542.074,87.922,0.728,134509412352,134509674496,2561,2533,0,0,0,476,1542615040,1665441792,134217727,3151976,,,0
0.75,D,layer_order_declared,off,3,1578700800,1578700800,1712918528,16,64,2304,0.314,1672.79,668.550,32.747,1.954,43361349632,43361353728,871,844,0,0,0,205,1536937984,1662574592,268435455,3148540,,,0
0.75,E,layer_order_declared,on,3,1578700800,1578700800,1712918528,16,64,2304,0.219,1428.93,589.080,28.025,2.284,46241898496,46241902592,431,873,470,0,0,77,1542754304,1668300800,134217727,3160044,,,0
