extension,count,total_bytes
gguf,20,2182488920
bin,38,2181616144
js,19881,174844918
map,2302,107037675
node,9,48551424
mjs,1615,46155758
ts,12291,41706646
o,310,41694304
csv,60,37449841
cpp,607,33204775
fetchtrace,1008,21712960
dll,2,18739712
json,1674,14001645
txt,281,13978942
cjs,401,12287247
41,3,12243744
exe,1,11670528
md,1524,11531686
a,4,11327854
dat,1,10468208
gif,7,9149578
so,3,8549512
h,296,7807726
svelte,2687,4467554
make,363,4303905
d,308,4037989
png,159,3950240
c,133,3530495
css,593,3154108
gz,1,3083451
(none),19,3068979
py,246,2994932
internal,7,2916554
reftrace,276,2704608
mts,726,2194831
0,3,2168016
hpp,74,1670879
webp,12,1668554
cts,203,1640438
cl,167,1489097
html,47,1475893
cpp/build/bin/llama-cli,1,1281704
ttf,26,1248068
bcmap,168,1165667
cu,187,1011405
schema,12,1001656
cuh,86,899524
scss,261,851867
flow,8,822945
ico,13,773272
mp4,2,767125
pdf,3,744430
tsbuildinfo,16,686053
jpg,5,634396
sh,182,590040
key,1,488591
metal,1,486283
comp,143,480658
yaml,5,474364
woff2,24,453088
cmake,280,446002
jinja,65,409828
wasm,3,400594
yml,208,387063
glsl,26,347917
woff,20,303116
cc,24,269489
svg,75,261102
wgsl,43,239470
cpp/build/CMakeFiles/Makefile2,1,231355
tmpl,6,208557
pfb,10,200615
cpp/build/src/Makefile,1,184514
mp3,1,140060
jpeg,1,124071
lock,1,103956
jst,50,100086
m,2,99194
log,9,97362
cpp/build/tools/ui/ui-src/node_modules/sass/LICENSE,1,87282
cpp/build/tools/ui/ui-src/node_modules/rollup/dist/bin/rollup,1,82269
cpp/build/tools/ui/llama-ui-embed,1,75480
ps1,81,70725
cpp/AUTHORS,1,65818
kt,11,65010
out,17,64236
cpp/build/tools/mtmd/Makefile,1,63944
cpp/build/tools/ui/ui-src/node_modules/katex/src/fonts/makeFF,1,60211
jar,1,59203
Dockerfile,11,49101
cpp/build/Makefile,1,44661
swift,9,43121
cpp/build/common/Makefile,1,42270
pl,1,41904
cpp/build/ggml/src/Makefile,1,36265
def,10,33524
cpp/build/tools/ui/ui-src/node_modules/open/xdg-open,1,32416
inp,15,29832
vim,1,26263
cpp/build/tools/ui/ui-src/node_modules/playwright-core/lib/utilsBundleImpl/xdg-open,1,25778
nix,11,24441
xml,33,24194
cpp/build/tools/server/Makefile,1,22592
hh,18,22572
cmd,68,22214
eslintrc,95,20916
markdown,5,19915
pbxproj,1,19175
cpp/build/tools/ui/ui-src/node_modules/caniuse-lite/LICENSE,1,18651
cpp/build/bin/llama-bench,1,17904
cpp/build/tools/ui/ui-src/node_modules/dompurify/LICENSE-MPL,1,16726
cpp/build/tools/ui/ui-src/node_modules/axe-core/LICENSE,1,15921
cpp/build/tools/ui/ui-src/node_modules/lightningcss/LICENSE,1,15648
cpp/build/tools/ui/ui-src/node_modules/lightningcss-win32-x64-msvc/LICENSE,1,15648
gyp,4,14842
1,5,14580
nycrc,85,14354
cpp/build/examples/lookup/Makefile,1,13887
cpp/build/examples/gguf-hash/Makefile,1,13698
editorconfig,45,13008
bat,6,12996
cpp/build/tools/ui/ui-src/node_modules/argparse/LICENSE,1,12775
in,9,11739
cpp/build/tools/cli/Makefile,1,11640
cpp/build/tools/ui/ui-src/node_modules/playwright/LICENSE,1,11601
cpp/build/tools/ui/ui-src/node_modules/playwright-core/LICENSE,1,11601
cpp/build/tools/ui/ui-src/node_modules/@playwright/test/LICENSE,1,11601
cpp/build/tools/ui/ui-src/node_modules/@trickfilm400/rollup-plugin-off-main-thread/LICENSE,1,11544
cpp/build/tools/ui/ui-src/node_modules/ejs/LICENSE,1,11358
cpp/build/tools/ui/ui-src/node_modules/dompurify/LICENSE,1,11358
cpp/build/tools/ui/ui-src/node_modules/@ampproject/remapping/LICENSE,1,11358
cpp/build/tools/ui/ui-src/node_modules/prettier-plugin-tailwindcss/dist/licenses/@trivago/prettier-plugin-sort-imports/LICENSE,1,11357
cpp/build/tools/ui/ui-src/node_modules/prettier-plugin-tailwindcss/dist/licenses/@ianvs/prettier-plugin-sort-imports/LICENSE,1,11357
cpp/build/tools/ui/ui-src/node_modules/detect-libc/LICENSE,1,11357
cpp/build/tools/ui/ui-src/node_modules/@humanwhocodes/retry/LICENSE,1,11357
cpp/build/tools/ui/ui-src/node_modules/@humanwhocodes/module-importer/LICENSE,1,11357
cpp/build/tools/ui/ui-src/node_modules/@humanfs/node/LICENSE,1,11357
cpp/build/tools/ui/ui-src/node_modules/@humanfs/core/LICENSE,1,11357
cpp/build/tools/ui/ui-src/node_modules/@eslint/plugin-kit/LICENSE,1,11357
cpp/build/tools/ui/ui-src/node_modules/@eslint/object-schema/LICENSE,1,11357
cpp/build/tools/ui/ui-src/node_modules/@eslint/core/LICENSE,1,11357
cpp/build/tools/ui/ui-src/node_modules/@eslint/config-helpers/LICENSE,1,11357
cpp/build/tools/ui/ui-src/node_modules/@eslint/config-array/LICENSE,1,11357
cpp/build/tools/ui/ui-src/node_modules/@eslint/compat/LICENSE,1,11357
cpp/build/tools/ui/ui-src/node_modules/prettier-plugin-tailwindcss/dist/licenses/@zackad/prettier-plugin-twig/LICENSE,1,11356
cpp/build/tools/ui/ui-src/node_modules/eslint-visitor-keys/LICENSE,1,11337
cpp/build/tools/ui/ui-src/node_modules/@typescript-eslint/visitor-keys/node_modules/eslint-visitor-keys/LICENSE,1,11337
cpp/build/tools/ui/ui-src/node_modules/@eslint-community/eslint-utils/node_modules/eslint-visitor-keys/LICENSE,1,11337
cpp/build/tools/ui/ui-src/node_modules/@internationalized/date/LICENSE,1,11335
cpp/build/tools/ui/ui-src/node_modules/dexie/LICENSE,1,11325
patch,5,11288
cpp/build/tools/ui/ui-src/node_modules/@swc/helpers/LICENSE,1,10836
cpp/build/tools/ui/ui-src/node_modules/expect-type/LICENSE,1,10760
cpp/build/tools/parser/Makefile,1,10746
disabled,1,10473
cpp/build/tools/ui/ui-src/node_modules/@img/sharp-win32-x64/LICENSE,1,10464
cpp/build/tools/batched-bench/Makefile,1,10389
cpp/build/examples/diffusion/Makefile,1,10312
cpp/build/tools/ui/ui-src/node_modules/sharp/LICENSE,1,10273
cpp/build/tools/ui/ui-src/node_modules/svelte/node_modules/aria-query/LICENSE,1,10236
cpp/build/tools/ui/ui-src/node_modules/axobject-query/LICENSE,1,10236
cpp/build/tools/ui/ui-src/node_modules/aria-query/LICENSE,1,10236
cpp/build/tools/ui/Makefile,1,10179
cpp/build/tools/ui/ui-src/node_modules/pdfjs-dist/LICENSE,1,10174
cpp/build/tools/perplexity/Makefile,1,10137
cpp/build/tools/fit-params/Makefile,1,10137
cpp/build/tools/completion/Makefile,1,10137
cpp/build/tools/llama-bench/Makefile,1,10017
cpp/build/tools/quantize/Makefile,1,9969
cpp/build/tools/ui/ui-src/node_modules/esprima/ChangeLog,1,9913
cpp/build/app/Makefile,1,9805
cpp/build/pocs/vdot/Makefile,1,9557
cpp/build/tools/ui/ui-src/node_modules/http-server/bin/http-server,1,9377
cpp/build/tools/ui/ui-src/node_modules/esbuild/bin/esbuild,1,9350
clang-format,2,9337
cpp/build/examples/convert-llama2c-to-ggml/Makefile,1,9120
cpp/examples/model-conversion/Makefile,1,9005
cpp/build/examples/speculative-simple/Makefile,1,8845
cpp/build/tools/cvector-generator/Makefile,1,8739
cpp/build/examples/eval-callback/Makefile,1,8570
icc,1,8464
cpp/build/examples/speculative/Makefile,1,8460
cpp/build/examples/simple-chat/Makefile,1,8460
cpp/build/tools/export-lora/Makefile,1,8409
cpp/build/tools/gguf-split/Makefile,1,8354
cpp/build/examples/retrieval/Makefile,1,8350
cpp/build/examples/lookahead/Makefile,1,8350
cpp/build/examples/embedding/Makefile,1,8350
cpp/build/examples/training/Makefile,1,8295
cpp/build/examples/parallel/Makefile,1,8295
cpp/build/examples/gen-docs/Makefile,1,8295
cpp/build/tools/tokenize/Makefile,1,8244
cpp/build/vendor/cpp-httplib/Makefile,1,8240
cpp/build/examples/passkey/Makefile,1,8240
cpp/build/examples/batched/Makefile,1,8240
cpp/build/tools/results/Makefile,1,8189
cpp/build/tools/imatrix/Makefile,1,8189
cpp/build/examples/simple/Makefile,1,8185
cpp/build/examples/debug/Makefile,1,8130
cpp/build/examples/idle/Makefile,1,8075
cpp/build/examples/gguf/Makefile,1,8075
cpp/build/tools/tts/Makefile,1,7969
ttx,1,7561
mf,1,7064
cpp/build/tools/ui/ui-src/node_modules/@storybook/svelte/node_modules/type-fest/license-cc0,1,7048
cpp/build/tools/ui/ui-src/node_modules/prettier-plugin-tailwindcss/dist/licenses/prettier-plugin-multiline-arrays/LICENSE-CC0,1,7047
cpp/build/tools/ui/ui-src/node_modules/pdfjs-dist/iccs/LICENSE,1,6553
cpp/build/ggml/src/ggml-cpu/Makefile,1,6535
cpp/CODEOWNERS,1,6491
cpp/build/examples/Makefile,1,6490
cpp/build/tools/Makefile,1,6475
cpp/build/pocs/Makefile,1,6470
cpp/build/ggml/Makefile,1,6470
go,1,6067
android/gradlew,1,5766
toml,4,5550
spec,2,5505
gitignore,18,5074
BSD,4,5065
ejs,2,4936
cpp/build/tools/ui/ui-src/node_modules/rw/test/run-tests,1,4899
php,1,4613
bnf,7,4416
cpp/build/tools/ui/ui-src/node_modules/pdfjs-dist/standard_fonts/LICENSE_LIBERATION,1,4414
cpp/build/tools/ui/ui-src/node_modules/katex/src/fonts/Makefile,1,4177
gbnf,8,4121
kts,4,4066
cpp/build/tools/ui/ui-src/node_modules/jsesc/bin/jsesc,1,3833
MD,1,3779
js/LICENSE,3,3707
cpp/build/tools/ui/ui-src/node_modules/he/bin/he,1,3626
cpp/build/tools/ui/ui-src/node_modules/import-meta-resolve/license,1,3493
cfg,14,3488
cpp/build/tools/ui/ui-src/node_modules/consola/LICENSE,1,3366
cpp/build/tools/ui/ui-src/node_modules/pathe/LICENSE,1,3355
mdx,2,3266
cpp/build/tools/ui/ui-src/node_modules/@lucide/svelte/LICENSE,1,3208
cpp/build/tools/ui/ui-src/node_modules/cssesc/bin/cssesc,1,3103
bin/semver,7,2723
applescript,1,2690
pyc,1,2676
cpp/build/tools/ui/ui-src/node_modules/prettier-plugin-tailwindcss/dist/licenses/prettier-plugin-astro/LICENSE,1,2348
cpp/build/tools/ui/ui-src/node_modules/recast/example/to-while,1,2240
cpp/build/tools/ui/ui-src/node_modules/pdfjs-dist/wasm/LICENSE_OPENJPEG,1,2112
cpp/build/tools/ui/ui-src/node_modules/pdfjs-dist/cmaps/LICENSE,1,2080
trace,3,2064
merge/LICENSE,1,1952
cpp/build/tools/ui/ui-src/node_modules/lodash-es/LICENSE,1,1952
sortby/LICENSE,1,1951
isplainobject/LICENSE,1,1951
debounce/LICENSE,1,1951
gypi,3,1923
properties,8,1867
pro,3,1865
cpp/build/tools/ui/ui-src/node_modules/d3-geo/LICENSE,1,1857
cpp/build/tools/ui/ui-src/node_modules/fast-uri/LICENSE,1,1813
cpp/build/tools/ui/ui-src/node_modules/regjsparser/bin/parser,1,1779
ld,1,1729
cpp/build/tools/ui/ui-src/node_modules/rw/test/encoding-sync,1,1598
cpp/build/tools/ui/ui-src/node_modules/pdfjs-dist/standard_fonts/LICENSE_FOXIT,1,1553
cpp/build/tools/ui/ui-src/node_modules/resolve/bin/resolve,1,1535
cpp/build/tools/ui/ui-src/node_modules/workbox-build/node_modules/source-map/LICENSE,1,1526
cpp/build/tools/ui/ui-src/node_modules/source-map/LICENSE,1,1526
cpp/build/tools/ui/ui-src/node_modules/source-map-js/LICENSE,1,1526
template,2,1515
cpp/build/tools/ui/ui-src/node_modules/d3-ease/LICENSE,1,1504
cpp/build/tools/ui/ui-src/node_modules/istanbul-reports/LICENSE,1,1488
cpp/build/tools/ui/ui-src/node_modules/istanbul-lib-report/LICENSE,1,1488
cpp/build/tools/ui/ui-src/node_modules/istanbul-lib-coverage/LICENSE,1,1488
cpp/build/tools/ui/ui-src/node_modules/serialize-javascript/LICENSE,1,1486
cpp/build/tools/ui/ui-src/node_modules/@trickfilm400/rollup-plugin-off-main-thread/CONTRIBUTING,1,1479
cpp/build/tools/ui/ui-src/node_modules/d3-sankey/node_modules/d3-shape/LICENSE,1,1475
cpp/build/tools/ui/ui-src/node_modules/d3-sankey/node_modules/d3-path/LICENSE,1,1475
cpp/build/tools/ui/ui-src/node_modules/d3-sankey/node_modules/d3-array/LICENSE,1,1475
cpp/build/tools/ui/ui-src/node_modules/d3-sankey/LICENSE,1,1471
cpp/build/tools/ui/ui-src/node_modules/uri-js/LICENSE,1,1452
cpp/build/tools/ui/ui-src/node_modules/rw/LICENSE,1,1429
cpp/build/tools/ui/ui-src/node_modules/es-toolkit/LICENSE,1,1424
cpp/build/tools/ui/ui-src/node_modules/d3-scale-chromatic/LICENSE,1,1423
cpp/build/tools/ui/ui-src/node_modules/url-join/bin/changelog,1,1419
cpp/build/tools/ui/ui-src/node_modules/eslint-scope/LICENSE,1,1390
cpp/build/tools/ui/ui-src/node_modules/minizlib/LICENSE,1,1339
otf,1,1332
cpp/build/tools/ui/ui-src/node_modules/espree/LICENSE,1,1322
cpp/build/tools/ui/ui-src/node_modules/jake/Makefile,1,1319
cpp/build/tools/ui/ui-src/node_modules/rw/test/encoding-async,1,1314
cpp/build/tools/ui/ui-src/node_modules/terser/LICENSE,1,1303
mk,1,1297
cpp/build/tools/ui/ui-src/node_modules/stringify-object/LICENSE,1,1297
cpp/build/tools/ui/ui-src/node_modules/pdfjs-dist/wasm/LICENSE_PDFJS_QCMS,1,1285
cpp/build/tools/ui/ui-src/node_modules/pdfjs-dist/wasm/LICENSE_PDFJS_OPENJPEG,1,1285
cpp/build/tools/ui/ui-src/node_modules/entities/LICENSE,1,1260
castarray/LICENSE,1,1256
cpp/build/tools/ui/ui-src/node_modules/express/LICENSE,1,1249
cpp/build/tools/ui/ui-src/node_modules/deep-is/LICENSE,1,1237
cpp/tools/ui/src/lib/vendors/big-integer/LICENSE,1,1234
cpp/build/tools/ui/ui-src/src/lib/vendors/big-integer/LICENSE,1,1234
cpp/build/tools/ui/ui-src/node_modules/merge-descriptors/license,1,1231
cpp/build/tools/ui/ui-src/node_modules/robust-predicates/LICENSE,1,1210
cpp/build/tools/ui/ui-src/node_modules/basic-auth/LICENSE,1,1206
cpp/build/tools/ui/ui-src/node_modules/obug/LICENSE,1,1205
cpp/build/tools/ui/ui-src/node_modules/serve-static/LICENSE,1,1189
cpp/build/tools/ui/ui-src/node_modules/@babel/helpers/LICENSE,1,1189
cpp/build/tools/ui/ui-src/node_modules/ws/LICENSE,1,1183
cpp/build/tools/ui/ui-src/node_modules/raw-body/LICENSE,1,1181
cpp/build/tools/ui/ui-src/node_modules/range-parser/LICENSE,1,1178
cpp/build/tools/ui/ui-src/node_modules/negotiator/LICENSE,1,1177
cpp/build/tools/ui/ui-src/node_modules/cookie/LICENSE,1,1175
cpp/build/tools/ui/ui-src/node_modules/fresh/LICENSE,1,1174
cpp/build/tools/ui/ui-src/node_modules/parseurl/LICENSE,1,1173
cpp/build/tools/ui/ui-src/node_modules/min-indent/license,1,1173
cpp/build/tools/ui/ui-src/node_modules/type-is/LICENSE,1,1172
cpp/build/tools/ui/ui-src/node_modules/statuses/LICENSE,1,1172
cpp/build/tools/ui/ui-src/node_modules/mime-db/LICENSE,1,1172
cpp/build/tools/ui/ui-src/node_modules/body-parser/LICENSE,1,1172
cpp/build/tools/ui/ui-src/node_modules/http-errors/LICENSE,1,1168
cpp/build/tools/ui/ui-src/node_modules/on-finished/LICENSE,1,1167
cpp/build/tools/ui/ui-src/node_modules/mode-watcher/LICENSE,1,1167
cpp/build/tools/ui/ui-src/node_modules/mime-types/LICENSE,1,1167
cpp/build/tools/ui/ui-src/node_modules/accepts/LICENSE,1,1167
cpp/build/tools/ui/ui-src/node_modules/svelte-toolbelt/LICENSE,1,1166
cpp/build/tools/ui/ui-src/node_modules/svelte-sonner/node_modules/runed/LICENSE,1,1166
cpp/build/tools/ui/ui-src/node_modules/runed/LICENSE,1,1166
cpp/build/tools/ui/ui-src/node_modules/mode-watcher/node_modules/svelte-toolbelt/node_modules/runed/LICENSE,1,1166
cpp/build/tools/ui/ui-src/node_modules/mode-watcher/node_modules/svelte-toolbelt/LICENSE,1,1166
cpp/build/tools/ui/ui-src/node_modules/mode-watcher/node_modules/runed/LICENSE,1,1166
cpp/build/tools/ui/ui-src/node_modules/prettier-plugin-tailwindcss/dist/licenses/prettier-plugin-svelte/LICENSE,1,1164
cpp/build/tools/ui/ui-src/node_modules/prettier-plugin-tailwindcss/dist/licenses/oxlint-tsgolint/LICENSE,1,1163
cpp/build/tools/ui/ui-src/node_modules/prettier-plugin-tailwindcss/dist/licenses/tsdown/LICENSE,1,1159
cpp/build/tools/ui/ui-src/node_modules/@adobe/css-tools/LICENSE,1,1159
cpp/build/tools/ui/ui-src/node_modules/escape-html/LICENSE,1,1157
cpp/build/tools/ui/ui-src/node_modules/http-proxy/LICENSE,1,1154
cpp/build/tools/ui/ui-src/node_modules/bytes/LICENSE,1,1153
cpp/build/tools/ui/ui-src/node_modules/@rollup/pluginutils/LICENSE,1,1151
cpp/build/tools/ui/ui-src/node_modules/@rollup/plugin-terser/LICENSE,1,1151
cpp/build/tools/ui/ui-src/node_modules/@rollup/plugin-replace/LICENSE,1,1151
cpp/build/tools/ui/ui-src/node_modules/@rollup/plugin-node-resolve/LICENSE,1,1151
cpp/build/tools/ui/ui-src/node_modules/@rollup/plugin-babel/LICENSE,1,1151
cpp/build/tools/ui/ui-src/node_modules/pngjs/LICENSE,1,1150
cpp/build/tools/ui/ui-src/node_modules/mdast-util-phrasing/license,1,1150
cpp/build/tools/ui/ui-src/node_modules/@babel/plugin-transform-regenerator/LICENSE,1,1148
cpp/build/tools/ui/ui-src/node_modules/fast-json-stable-stringify/LICENSE,1,1145
cpp/build/tools/ui/ui-src/node_modules/ast-v8-to-istanbul/node_modules/js-tokens/LICENSE,1,1145
cpp/build/tools/ui/ui-src/node_modules/workbox-build/node_modules/brace-expansion/LICENSE,1,1144
cpp/build/tools/ui/ui-src/node_modules/@typescript-eslint/typescript-estree/node_modules/brace-expansion/LICENSE,1,1144
cpp/build/tools/ui/ui-src/node_modules/prettier-plugin-svelte/LICENSE,1,1143
cpp/build/tools/ui/ui-src/node_modules/vfile/node_modules/@types/unist/LICENSE,1,1141
cpp/build/tools/ui/ui-src/node_modules/vfile-location/node_modules/@types/unist/LICENSE,1,1141
cpp/build/tools/ui/ui-src/node_modules/unist-util-visit/node_modules/@types/unist/LICENSE,1,1141
cpp/build/tools/ui/ui-src/node_modules/unist-util-visit-parents/node_modules/@types/unist/LICENSE,1,1141
cpp/build/tools/ui/ui-src/node_modules/unist-util-stringify-position/node_modules/@types/unist/LICENSE,1,1141
cpp/build/tools/ui/ui-src/node_modules/unist-util-remove-position/node_modules/@types/unist/LICENSE,1,1141
cpp/build/tools/ui/ui-src/node_modules/unist-util-position/node_modules/@types/unist/LICENSE,1,1141
cpp/build/tools/ui/ui-src/node_modules/unist-util-is/node_modules/@types/unist/LICENSE,1,1141
cpp/build/tools/ui/ui-src/node_modules/unist-util-find-after/node_modules/@types/unist/LICENSE,1,1141
cpp/build/tools/ui/ui-src/node_modules/unified/node_modules/@types/unist/LICENSE,1,1141
cpp/build/tools/ui/ui-src/node_modules/prettier-plugin-tailwindcss/dist/licenses/@types/node/LICENSE,1,1141
cpp/build/tools/ui/ui-src/node_modules/mdast-util-to-markdown/node_modules/@types/unist/LICENSE,1,1141
cpp/build/tools/ui/ui-src/node_modules/mdast-util-from-markdown/node_modules/@types/unist/LICENSE,1,1141
cpp/build/tools/ui/ui-src/node_modules/hast-util-to-text/node_modules/@types/unist/LICENSE,1,1141
cpp/build/tools/ui/ui-src/node_modules/hast-util-to-html/node_modules/@types/unist/LICENSE,1,1141
cpp/build/tools/ui/ui-src/node_modules/hast-util-from-parse5/node_modules/@types/unist/LICENSE,1,1141
cpp/build/tools/ui/ui-src/node_modules/hast-util-from-html/node_modules/@types/unist/LICENSE,1,1141
cpp/build/tools/ui/ui-src/node_modules/@types/unist/LICENSE,1,1141
cpp/build/tools/ui/ui-src/node_modules/@types/trusted-types/LICENSE,1,1141
cpp/build/tools/ui/ui-src/node_modules/@types/resolve/LICENSE,1,1141
cpp/build/tools/ui/ui-src/node_modules/@types/react/LICENSE,1,1141
cpp/build/tools/ui/ui-src/node_modules/@types/node/LICENSE,1,1141
cpp/build/tools/ui/ui-src/node_modules/@types/ms/LICENSE,1,1141
cpp/build/tools/ui/ui-src/node_modules/@types/mdx/LICENSE,1,1141
cpp/build/tools/ui/ui-src/node_modules/@types/mdast/LICENSE,1,1141
cpp/build/tools/ui/ui-src/node_modules/@types/katex/LICENSE,1,1141
cpp/build/tools/ui/ui-src/node_modules/@types/json-schema/LICENSE,1,1141
cpp/build/tools/ui/ui-src/node_modules/@types/hast/LICENSE,1,1141
cpp/build/tools/ui/ui-src/node_modules/@types/geojson/LICENSE,1,1141
cpp/build/tools/ui/ui-src/node_modules/@types/estree/LICENSE,1,1141
cpp/build/tools/ui/ui-src/node_modules/@types/deep-eql/LICENSE,1,1141
cpp/build/tools/ui/ui-src/node_modules/@types/debug/LICENSE,1,1141
cpp/build/tools/ui/ui-src/node_modules/@types/d3/LICENSE,1,1141
cpp/build/tools/ui/ui-src/node_modules/@types/d3-zoom/LICENSE,1,1141
cpp/build/tools/ui/ui-src/node_modules/@types/d3-transition/LICENSE,1,1141
cpp/build/tools/ui/ui-src/node_modules/@types/d3-timer/LICENSE,1,1141
cpp/build/tools/ui/ui-src/node_modules/@types/d3-time/LICENSE,1,1141
cpp/build/tools/ui/ui-src/node_modules/@types/d3-time-format/LICENSE,1,1141
cpp/build/tools/ui/ui-src/node_modules/@types/d3-shape/LICENSE,1,1141
cpp/build/tools/ui/ui-src/node_modules/@types/d3-selection/LICENSE,1,1141
cpp/build/tools/ui/ui-src/node_modules/@types/d3-scale/LICENSE,1,1141
cpp/build/tools/ui/ui-src/node_modules/@types/d3-scale-chromatic/LICENSE,1,1141
cpp/build/tools/ui/ui-src/node_modules/@types/d3-random/LICENSE,1,1141
cpp/build/tools/ui/ui-src/node_modules/@types/d3-quadtree/LICENSE,1,1141
cpp/build/tools/ui/ui-src/node_modules/@types/d3-polygon/LICENSE,1,1141
cpp/build/tools/ui/ui-src/node_modules/@types/d3-path/LICENSE,1,1141
cpp/build/tools/ui/ui-src/node_modules/@types/d3-interpolate/LICENSE,1,1141
cpp/build/tools/ui/ui-src/node_modules/@types/d3-hierarchy/LICENSE,1,1141
cpp/build/tools/ui/ui-src/node_modules/@types/d3-geo/LICENSE,1,1141
cpp/build/tools/ui/ui-src/node_modules/@types/d3-format/LICENSE,1,1141
cpp/build/tools/ui/ui-src/node_modules/@types/d3-force/LICENSE,1,1141
cpp/build/tools/ui/ui-src/node_modules/@types/d3-fetch/LICENSE,1,1141
cpp/build/tools/ui/ui-src/node_modules/@types/d3-ease/LICENSE,1,1141
cpp/build/tools/ui/ui-src/node_modules/@types/d3-dsv/LICENSE,1,1141
cpp/build/tools/ui/ui-src/node_modules/@types/d3-drag/LICENSE,1,1141
cpp/build/tools/ui/ui-src/node_modules/@types/d3-dispatch/LICENSE,1,1141
cpp/build/tools/ui/ui-src/node_modules/@types/d3-delaunay/LICENSE,1,1141
cpp/build/tools/ui/ui-src/node_modules/@types/d3-contour/LICENSE,1,1141
cpp/build/tools/ui/ui-src/node_modules/@types/d3-color/LICENSE,1,1141
cpp/build/tools/ui/ui-src/node_modules/@types/d3-chord/LICENSE,1,1141
cpp/build/tools/ui/ui-src/node_modules/@types/d3-brush/LICENSE,1,1141
cpp/build/tools/ui/ui-src/node_modules/@types/d3-axis/LICENSE,1,1141
cpp/build/tools/ui/ui-src/node_modules/@types/d3-array/LICENSE,1,1141
cpp/build/tools/ui/ui-src/node_modules/@types/cookie/LICENSE,1,1141
cpp/build/tools/ui/ui-src/node_modules/@types/chai/LICENSE,1,1141
cpp/build/tools/ui/ui-src/node_modules/@types/aria-query/LICENSE,1,1141
cpp/build/tools/ui/ui-src/node_modules/debug/LICENSE,1,1139
cpp/build/tools/ui/ui-src/node_modules/@sveltejs/vite-plugin-svelte/LICENSE,1,1139
cpp/build/tools/ui/ui-src/node_modules/@sveltejs/vite-plugin-svelte-inspector/LICENSE,1,1139
cpp/build/tools/ui/ui-src/node_modules/follow-redirects/LICENSE,1,1136
cpp/build/tools/ui/ui-src/node_modules/zimmerframe/LICENSE,1,1135
cpp/build/tools/ui/ui-src/node_modules/svelte-ast-print/node_modules/zimmerframe/LICENSE,1,1135
cpp/build/tools/ui/ui-src/node_modules/core-js-compat/LICENSE,1,1134
cpp/build/tools/ui/ui-src/node_modules/eslint-config-prettier/LICENSE,1,1132
cpp/build/tools/ui/ui-src/node_modules/svelte-check/LICENSE,1,1131
cpp/build/tools/ui/ui-src/node_modules/@sveltejs/load-config/LICENSE,1,1131
cpp/build/tools/ui/ui-src/node_modules/katex/src/fonts/makeBlacker,1,1129
cpp/build/tools/ui/ui-src/node_modules/send/LICENSE,1,1128
cpp/build/tools/ui/ui-src/node_modules/router/LICENSE,1,1128
cpp/build/tools/ui/ui-src/node_modules/require-from-string/license,1,1128
cpp/build/tools/ui/ui-src/node_modules/set-cookie-parser/LICENSE,1,1126
cpp/build/tools/ui/ui-src/node_modules/estree-walker/LICENSE,1,1126
cpp/build/tools/ui/ui-src/node_modules/@rollup/pluginutils/node_modules/estree-walker/LICENSE,1,1126
cpp/build/tools/ui/ui-src/node_modules/svelte-check/node_modules/chokidar/LICENSE,1,1124
cpp/build/tools/ui/ui-src/node_modules/http-server/LICENSE,1,1124
cpp/build/tools/ui/ui-src/node_modules/cookie-signature/LICENSE,1,1124
cpp/build/tools/ui/ui-src/node_modules/chokidar/LICENSE,1,1124
cpp/build/tools/ui/ui-src/node_modules/sade/license,1,1122
cpp/build/tools/ui/ui-src/node_modules/mrmime/license,1,1122
cpp/build/tools/ui/ui-src/node_modules/pdfjs-dist/wasm/LICENSE_QCMS,1,1121
cpp/build/tools/ui/ui-src/node_modules/devalue/LICENSE,1,1121
cpp/build/tools/ui/ui-src/node_modules/magicast/LICENSE,1,1120
cpp/build/tools/ui/ui-src/node_modules/prettier-plugin-tailwindcss/dist/licenses/oxlint/LICENSE,1,1119
cpp/build/tools/ui/ui-src/node_modules/oxc-parser/LICENSE,1,1119
cpp/build/tools/ui/ui-src/node_modules/object-assign/license,1,1119
cpp/build/tools/ui/ui-src/node_modules/is-obj/license,1,1119
cpp/build/tools/ui/ui-src/node_modules/finalhandler/LICENSE,1,1119
cpp/build/tools/ui/ui-src/node_modules/@oxc-project/types/LICENSE,1,1119
cpp/build/tools/ui/ui-src/node_modules/update-browserslist-db/LICENSE,1,1118
cpp/build/tools/ui/ui-src/node_modules/svelte/node_modules/esrap/LICENSE,1,1118
cpp/build/tools/ui/ui-src/node_modules/prettier-plugin-tailwindcss/dist/licenses/postcss-import/LICENSE,1,1118
cpp/build/tools/ui/ui-src/node_modules/esrap/LICENSE,1,1118
cpp/build/tools/ui/ui-src/node_modules/browserslist/LICENSE,1,1118
cpp/build/tools/ui/ui-src/node_modules/@testing-library/svelte-core/LICENSE,1,1118
cpp/build/tools/ui/ui-src/node_modules/yocto-queue/license,1,1117
cpp/build/tools/ui/ui-src/node_modules/wsl-utils/license,1,1117
cpp/build/tools/ui/ui-src/node_modules/workbox-build/node_modules/pretty-bytes/license,1,1117
cpp/build/tools/ui/ui-src/node_modules/tempy/license,1,1117
cpp/build/tools/ui/ui-src/node_modules/tagged-tag/license,1,1117
cpp/build/tools/ui/ui-src/node_modules/strip-json-comments/license,1,1117
cpp/build/tools/ui/ui-src/node_modules/strip-ansi/node_modules/ansi-regex/license,1,1117
cpp/build/tools/ui/ui-src/node_modules/strip-ansi/license,1,1117
cpp/build/tools/ui/ui-src/node_modules/run-applescript/license,1,1117
cpp/build/tools/ui/ui-src/node_modules/pretty-bytes/license,1,1117
cpp/build/tools/ui/ui-src/node_modules/prettier-plugin-tailwindcss/dist/licenses/clear-module/license,1,1117
cpp/build/tools/ui/ui-src/node_modules/p-locate/license,1,1117
cpp/build/tools/ui/ui-src/node_modules/p-limit/license,1,1117
cpp/build/tools/ui/ui-src/node_modules/open/license,1,1117
cpp/build/tools/ui/ui-src/node_modules/mdast-util-find-and-replace/node_modules/escape-string-regexp/license,1,1117
cpp/build/tools/ui/ui-src/node_modules/make-dir/license,1,1117
cpp/build/tools/ui/ui-src/node_modules/locate-path/license,1,1117
cpp/build/tools/ui/ui-src/node_modules/is-wsl/license,1,1117
cpp/build/tools/ui/ui-src/node_modules/is-stream/license,1,1117
cpp/build/tools/ui/ui-src/node_modules/is-plain-obj/license,1,1117
cpp/build/tools/ui/ui-src/node_modules/is-inside-container/license,1,1117
cpp/build/tools/ui/ui-src/node_modules/is-docker/license,1,1117
cpp/build/tools/ui/ui-src/node_modules/import-fresh/license,1,1117
cpp/build/tools/ui/ui-src/node_modules/globals/license,1,1117
cpp/build/tools/ui/ui-src/node_modules/find-up/license,1,1117
cpp/build/tools/ui/ui-src/node_modules/escape-string-regexp/license,1,1117
cpp/build/tools/ui/ui-src/node_modules/define-lazy-prop/license,1,1117
cpp/build/tools/ui/ui-src/node_modules/default-browser/license,1,1117
cpp/build/tools/ui/ui-src/node_modules/default-browser-id/license,1,1117
cpp/build/tools/ui/ui-src/node_modules/cac/LICENSE,1,1117
cpp/build/tools/ui/ui-src/node_modules/bundle-name/license,1,1117
cpp/build/tools/ui/ui-src/node_modules/@storybook/svelte/node_modules/type-fest/license-mit,1,1117
cpp/build/tools/ui/ui-src/node_modules/@eslint/eslintrc/node_modules/globals/license,1,1117
cpp/build/tools/ui/ui-src/node_modules/tempy/node_modules/type-fest/license,1,1116
cpp/build/tools/ui/ui-src/node_modules/svelte-ast-print/node_modules/esrap/LICENSE,1,1116
cpp/build/tools/ui/ui-src/node_modules/shebang-command/license,1,1116
cpp/build/tools/ui/ui-src/node_modules/requires-port/LICENSE,1,1115
cpp/build/tools/ui/ui-src/node_modules/unpipe/LICENSE,1,1114
cpp/build/tools/ui/ui-src/node_modules/totalist/license,1,1114
cpp/build/tools/ui/ui-src/node_modules/svelte-check/node_modules/readdirp/LICENSE,1,1114
cpp/build/tools/ui/ui-src/node_modules/readdirp/LICENSE,1,1114
cpp/build/tools/ui/ui-src/node_modules/kleur/license,1,1114
cpp/build/tools/ui/ui-src/node_modules/dequal/license,1,1114
cpp/build/tools/ui/ui-src/node_modules/style-to-object/LICENSE,1,1110
cpp/build/tools/ui/ui-src/node_modules/jsonfile/LICENSE,1,1110
cpp/build/tools/ui/ui-src/node_modules/@sveltejs/kit/LICENSE,1,1110
cpp/build/tools/ui/ui-src/node_modules/@sveltejs/adapter-static/LICENSE,1,1110
cpp/build/tools/ui/ui-src/node_modules/@quansync/fs/LICENSE,1,1110
cpp/build/tools/ui/ui-src/node_modules/unique-string/license,1,1109
cpp/build/tools/ui/ui-src/node_modules/temp-dir/license,1,1109
cpp/build/tools/ui/ui-src/node_modules/supports-color/license,1,1109
cpp/build/tools/ui/ui-src/node_modules/strip-indent/license,1,1109
cpp/build/tools/ui/ui-src/node_modules/shebang-regex/license,1,1109
cpp/build/tools/ui/ui-src/node_modules/resolve-from/license,1,1109
cpp/build/tools/ui/ui-src/node_modules/redent/license,1,1109
cpp/build/tools/ui/ui-src/node_modules/pretty-format/node_modules/ansi-styles/license,1,1109
cpp/build/tools/ui/ui-src/node_modules/path-key/license,1,1109
cpp/build/tools/ui/ui-src/node_modules/path-exists/license,1,1109
cpp/build/tools/ui/ui-src/node_modules/parse5/LICENSE,1,1109
cpp/build/tools/ui/ui-src/node_modules/parent-module/license,1,1109
cpp/build/tools/ui/ui-src/node_modules/leven/license,1,1109
cpp/build/tools/ui/ui-src/node_modules/indent-string/license,1,1109
cpp/build/tools/ui/ui-src/node_modules/has-flag/license,1,1109
cpp/build/tools/ui/ui-src/node_modules/deep-eql/LICENSE,1,1109
cpp/build/tools/ui/ui-src/node_modules/crypto-random-string/license,1,1109
cpp/build/tools/ui/ui-src/node_modules/check-error/LICENSE,1,1109
cpp/build/tools/ui/ui-src/node_modules/chalk/license,1,1109
cpp/build/tools/ui/ui-src/node_modules/callsites/license,1,1109
cpp/build/tools/ui/ui-src/node_modules/ansi-styles/license,1,1109
cpp/build/tools/ui/ui-src/node_modules/ansi-regex/license,1,1109
cpp/build/tools/ui/ui-src/node_modules/toidentifier/LICENSE,1,1108
cpp/build/tools/ui/ui-src/node_modules/assertion-error/LICENSE,1,1108
cpp/build/tools/ui/ui-src/node_modules/node-releases/LICENSE,1,1107
cpp/build/tools/ui/ui-src/node_modules/katex/LICENSE,1,1107
cpp/build/tools/ui/ui-src/node_modules/trim-lines/license,1,1106
cpp/build/tools/ui/ui-src/node_modules/stringify-entities/license,1,1106
cpp/build/tools/ui/ui-src/node_modules/prettier-plugin-tailwindcss/dist/licenses/@babel/types/LICENSE,1,1106
cpp/build/tools/ui/ui-src/node_modules/longest-streak/license,1,1106
cpp/build/tools/ui/ui-src/node_modules/@babel/types/LICENSE,1,1106
cpp/build/tools/ui/ui-src/node_modules/@babel/traverse/LICENSE,1,1106
cpp/build/tools/ui/ui-src/node_modules/@babel/template/LICENSE,1,1106
cpp/build/tools/ui/ui-src/node_modules/@babel/runtime/LICENSE,1,1106
cpp/build/tools/ui/ui-src/node_modules/@babel/preset-env/LICENSE,1,1106
cpp/build/tools/ui/ui-src/node_modules/@babel/plugin-transform-unicode-sets-regex/LICENSE,1,1106
cpp/build/tools/ui/ui-src/node_modules/@babel/plugin-transform-unicode-regex/LICENSE,1,1106
cpp/build/tools/ui/ui-src/node_modules/@babel/plugin-transform-unicode-property-regex/LICENSE,1,1106
cpp/build/tools/ui/ui-src/node_modules/@babel/plugin-transform-unicode-escapes/LICENSE,1,1106
cpp/build/tools/ui/ui-src/node_modules/@babel/plugin-transform-typeof-symbol/LICENSE,1,1106
cpp/build/tools/ui/ui-src/node_modules/@babel/plugin-transform-template-literals/LICENSE,1,1106
cpp/build/tools/ui/ui-src/node_modules/@babel/plugin-transform-sticky-regex/LICENSE,1,1106
cpp/build/tools/ui/ui-src/node_modules/@babel/plugin-transform-spread/LICENSE,1,1106
cpp/build/tools/ui/ui-src/node_modules/@babel/plugin-transform-shorthand-properties/LICENSE,1,1106
cpp/build/tools/ui/ui-src/node_modules/@babel/plugin-transform-reserved-words/LICENSE,1,1106
cpp/build/tools/ui/ui-src/node_modules/@babel/plugin-transform-regexp-modifiers/LICENSE,1,1106
cpp/build/tools/ui/ui-src/node_modules/@babel/plugin-transform-property-literals/LICENSE,1,1106
cpp/build/tools/ui/ui-src/node_modules/@babel/plugin-transform-private-property-in-object/LICENSE,1,1106
cpp/build/tools/ui/ui-src/node_modules/@babel/plugin-transform-private-methods/LICENSE,1,1106
cpp/build/tools/ui/ui-src/node_modules/@babel/plugin-transform-parameters/LICENSE,1,1106
cpp/build/tools/ui/ui-src/node_modules/@babel/plugin-transform-optional-chaining/LICENSE,1,1106
cpp/build/tools/ui/ui-src/node_modules/@babel/plugin-transform-optional-catch-binding/LICENSE,1,1106
cpp/build/tools/ui/ui-src/node_modules/@babel/plugin-transform-object-super/LICENSE,1,1106
cpp/build/tools/ui/ui-src/node_modules/@babel/plugin-transform-object-rest-spread/LICENSE,1,1106
cpp/build/tools/ui/ui-src/node_modules/@babel/plugin-transform-numeric-separator/LICENSE,1,1106
cpp/build/tools/ui/ui-src/node_modules/@babel/plugin-transform-nullish-coalescing-operator/LICENSE,1,1106
cpp/build/tools/ui/ui-src/node_modules/@babel/plugin-transform-new-target/LICENSE,1,1106
cpp/build/tools/ui/ui-src/node_modules/@babel/plugin-transform-named-capturing-groups-regex/LICENSE,1,1106
cpp/build/tools/ui/ui-src/node_modules/@babel/plugin-transform-modules-umd/LICENSE,1,1106
cpp/build/tools/ui/ui-src/node_modules/@babel/plugin-transform-modules-systemjs/LICENSE,1,1106
cpp/build/tools/ui/ui-src/node_modules/@babel/plugin-transform-modules-commonjs/LICENSE,1,1106
cpp/build/tools/ui/ui-src/node_modules/@babel/plugin-transform-modules-amd/LICENSE,1,1106
cpp/build/tools/ui/ui-src/node_modules/@babel/plugin-transform-member-expression-literals/LICENSE,1,1106
cpp/build/tools/ui/ui-src/node_modules/@babel/plugin-transform-logical-assignment-operators/LICENSE,1,1106
cpp/build/tools/ui/ui-src/node_modules/@babel/plugin-transform-literals/LICENSE,1,1106
cpp/build/tools/ui/ui-src/node_modules/@babel/plugin-transform-json-strings/LICENSE,1,1106
cpp/build/tools/ui/ui-src/node_modules/@babel/plugin-transform-function-name/LICENSE,1,1106
cpp/build/tools/ui/ui-src/node_modules/@babel/plugin-transform-for-of/LICENSE,1,1106
cpp/build/tools/ui/ui-src/node_modules/@babel/plugin-transform-export-namespace-from/LICENSE,1,1106
cpp/build/tools/ui/ui-src/node_modules/@babel/plugin-transform-exponentiation-operator/LICENSE,1,1106
cpp/build/tools/ui/ui-src/node_modules/@babel/plugin-transform-explicit-resource-management/LICENSE,1,1106
cpp/build/tools/ui/ui-src/node_modules/@babel/plugin-transform-dynamic-import/LICENSE,1,1106
cpp/build/tools/ui/ui-src/node_modules/@babel/plugin-transform-duplicate-named-capturing-groups-regex/LICENSE,1,1106
cpp/build/tools/ui/ui-src/node_modules/@babel/plugin-transform-duplicate-keys/LICENSE,1,1106
cpp/build/tools/ui/ui-src/node_modules/@babel/plugin-transform-dotall-regex/LICENSE,1,1106
cpp/build/tools/ui/ui-src/node_modules/@babel/plugin-transform-destructuring/LICENSE,1,1106
cpp/build/tools/ui/ui-src/node_modules/@babel/plugin-transform-computed-properties/LICENSE,1,1106
cpp/build/tools/ui/ui-src/node_modules/@babel/plugin-transform-classes/LICENSE,1,1106
cpp/build/tools/ui/ui-src/node_modules/@babel/plugin-transform-class-static-block/LICENSE,1,1106
cpp/build/tools/ui/ui-src/node_modules/@babel/plugin-transform-class-properties/LICENSE,1,1106
cpp/build/tools/ui/ui-src/node_modules/@babel/plugin-transform-block-scoping/LICENSE,1,1106
cpp/build/tools/ui/ui-src/node_modules/@babel/plugin-transform-block-scoped-functions/LICENSE,1,1106
cpp/build/tools/ui/ui-src/node_modules/@babel/plugin-transform-async-to-generator/LICENSE,1,1106
cpp/build/tools/ui/ui-src/node_modules/@babel/plugin-transform-async-generator-functions/LICENSE,1,1106
cpp/build/tools/ui/ui-src/node_modules/@babel/plugin-transform-arrow-functions/LICENSE,1,1106
cpp/build/tools/ui/ui-src/node_modules/@babel/plugin-syntax-unicode-sets-regex/LICENSE,1,1106
cpp/build/tools/ui/ui-src/node_modules/@babel/plugin-syntax-import-attributes/LICENSE,1,1106
cpp/build/tools/ui/ui-src/node_modules/@babel/plugin-syntax-import-assertions/LICENSE,1,1106
cpp/build/tools/ui/ui-src/node_modules/@babel/plugin-proposal-private-property-in-object/LICENSE,1,1106
cpp/build/tools/ui/ui-src/node_modules/@babel/plugin-bugfix-v8-static-class-fields-redefine-readonly/LICENSE,1,1106
cpp/build/tools/ui/ui-src/node_modules/@babel/plugin-bugfix-v8-spread-parameters-in-optional-chaining/LICENSE,1,1106
cpp/build/tools/ui/ui-src/node_modules/@babel/plugin-bugfix-safari-rest-destructuring-rhs-array/LICENSE,1,1106
cpp/build/tools/ui/ui-src/node_modules/@babel/plugin-bugfix-safari-id-destructuring-collision-in-function-expression/LICENSE,1,1106
cpp/build/tools/ui/ui-src/node_modules/@babel/plugin-bugfix-safari-class-field-initializer-scope/LICENSE,1,1106
cpp/build/tools/ui/ui-src/node_modules/@babel/plugin-bugfix-firefox-class-in-computed-class-key/LICENSE,1,1106
cpp/build/tools/ui/ui-src/node_modules/@babel/helper-wrap-function/LICENSE,1,1106
cpp/build/tools/ui/ui-src/node_modules/@babel/helper-validator-option/LICENSE,1,1106
cpp/build/tools/ui/ui-src/node_modules/@babel/helper-validator-identifier/LICENSE,1,1106
cpp/build/tools/ui/ui-src/node_modules/@babel/helper-string-parser/LICENSE,1,1106
cpp/build/tools/ui/ui-src/node_modules/@babel/helper-skip-transparent-expression-wrappers/LICENSE,1,1106
cpp/build/tools/ui/ui-src/node_modules/@babel/helper-replace-supers/LICENSE,1,1106
cpp/build/tools/ui/ui-src/node_modules/@babel/helper-remap-async-to-generator/LICENSE,1,1106
cpp/build/tools/ui/ui-src/node_modules/@babel/helper-plugin-utils/LICENSE,1,1106
cpp/build/tools/ui/ui-src/node_modules/@babel/helper-optimise-call-expression/LICENSE,1,1106
cpp/build/tools/ui/ui-src/node_modules/@babel/helper-module-transforms/LICENSE,1,1106
cpp/build/tools/ui/ui-src/node_modules/@babel/helper-module-imports/LICENSE,1,1106
cpp/build/tools/ui/ui-src/node_modules/@babel/helper-member-expression-to-functions/LICENSE,1,1106
cpp/build/tools/ui/ui-src/node_modules/@babel/helper-globals/LICENSE,1,1106
cpp/build/tools/ui/ui-src/node_modules/@babel/helper-create-regexp-features-plugin/LICENSE,1,1106
cpp/build/tools/ui/ui-src/node_modules/@babel/helper-create-class-features-plugin/LICENSE,1,1106
cpp/build/tools/ui/ui-src/node_modules/@babel/helper-compilation-targets/LICENSE,1,1106
cpp/build/tools/ui/ui-src/node_modules/@babel/helper-annotate-as-pure/LICENSE,1,1106
cpp/build/tools/ui/ui-src/node_modules/@babel/generator/LICENSE,1,1106
cpp/build/tools/ui/ui-src/node_modules/@babel/core/LICENSE,1,1106
cpp/build/tools/ui/ui-src/node_modules/@babel/compat-data/LICENSE,1,1106
cpp/build/tools/ui/ui-src/node_modules/@babel/code-frame/LICENSE,1,1106
cpp/build/tools/ui/ui-src/node_modules/postcss-load-config/LICENSE,1,1105
cpp/build/tools/ui/ui-src/node_modules/khroma/license,1,1105
cpp/build/tools/ui/ui-src/node_modules/cross-spawn/LICENSE,1,1105
cpp/build/tools/ui/ui-src/node_modules/prettier-plugin-tailwindcss/dist/licenses/escalade/license,1,1104
cpp/build/tools/ui/ui-src/node_modules/escalade/license,1,1104
cpp/build/tools/ui/ui-src/node_modules/clsx/license,1,1104
cpp/build/tools/ui/ui-src/node_modules/picoquery/LICENSE,1,1103
cpp/build/tools/ui/ui-src/node_modules/path-to-regexp/LICENSE,1,1103
cpp/build/tools/ui/ui-src/node_modules/js-tokens/LICENSE,1,1103
cpp/build/tools/ui/ui-src/node_modules/babel-plugin-polyfill-regenerator/LICENSE,1,1103
cpp/build/tools/ui/ui-src/node_modules/babel-plugin-polyfill-corejs3/LICENSE,1,1103
cpp/build/tools/ui/ui-src/node_modules/babel-plugin-polyfill-corejs2/LICENSE,1,1103
cpp/build/tools/ui/ui-src/node_modules/@babel/helper-define-polyfill-provider/LICENSE,1,1103
cpp/build/tools/ui/ui-src/node_modules/vitest/node_modules/@vitest/expect/LICENSE,1,1102
cpp/build/tools/ui/ui-src/node_modules/vite-plugin-pwa/LICENSE,1,1102
cpp/build/tools/ui/ui-src/node_modules/util-deprecate/LICENSE,1,1102
cpp/build/tools/ui/ui-src/node_modules/unconfig/LICENSE,1,1102
cpp/build/tools/ui/ui-src/node_modules/unconfig-core/LICENSE,1,1102
cpp/build/tools/ui/ui-src/node_modules/package-manager-detector/LICENSE,1,1102
cpp/build/tools/ui/ui-src/node_modules/loupe/LICENSE,1,1102
cpp/build/tools/ui/ui-src/node_modules/@vitest/utils/LICENSE,1,1102
cpp/build/tools/ui/ui-src/node_modules/@vitest/spy/LICENSE,1,1102
cpp/build/tools/ui/ui-src/node_modules/@vitest/snapshot/LICENSE,1,1102
cpp/build/tools/ui/ui-src/node_modules/@vitest/runner/LICENSE,1,1102
cpp/build/tools/ui/ui-src/node_modules/@vitest/pretty-format/LICENSE,1,1102
cpp/build/tools/ui/ui-src/node_modules/@vitest/mocker/LICENSE,1,1102
cpp/build/tools/ui/ui-src/node_modules/@vitest/coverage-v8/LICENSE,1,1102
cpp/build/tools/ui/ui-src/node_modules/@vitest/browser/LICENSE,1,1102
cpp/build/tools/ui/ui-src/node_modules/@vitest/browser-playwright/LICENSE,1,1102
cpp/build/tools/ui/ui-src/node_modules/@vite-pwa/sveltekit/LICENSE,1,1102
cpp/build/tools/ui/ui-src/node_modules/@vite-pwa/assets-generator/LICENSE,1,1102
cpp/build/tools/ui/ui-src/node_modules/property-information/license,1,1101
cpp/build/tools/ui/ui-src/node_modules/hono/LICENSE,1,1101
cpp/build/tools/ui/ui-src/node_modules/hast-util-from-html-isomorphic/license,1,1101
cpp/build/tools/ui/ui-src/node_modules/@hono/node-server/LICENSE,1,1101
cpp/build/tools/ui/ui-src/node_modules/universalify/LICENSE,1,1100
cpp/build/tools/ui/ui-src/node_modules/zwitch/license,1,1099
cpp/build/tools/ui/ui-src/node_modules/web-namespaces/license,1,1099
cpp/build/tools/ui/ui-src/node_modules/vfile/license,1,1099
cpp/build/tools/ui/ui-src/node_modules/vfile-message/node_modules/unist-util-stringify-position/license,1,1099
cpp/build/tools/ui/ui-src/node_modules/vfile-message/license,1,1099
cpp/build/tools/ui/ui-src/node_modules/vfile-location/license,1,1099
cpp/build/tools/ui/ui-src/node_modules/unist-util-visit/license,1,1099
cpp/build/tools/ui/ui-src/node_modules/unist-util-visit-parents/license,1,1099
cpp/build/tools/ui/ui-src/node_modules/unist-util-stringify-position/license,1,1099
cpp/build/tools/ui/ui-src/node_modules/unist-util-remove-position/license,1,1099
cpp/build/tools/ui/ui-src/node_modules/unist-util-position/license,1,1099
cpp/build/tools/ui/ui-src/node_modules/unist-util-is/license,1,1099
cpp/build/tools/ui/ui-src/node_modules/unist-util-find-after/license,1,1099
cpp/build/tools/ui/ui-src/node_modules/unified/license,1,1099
cpp/build/tools/ui/ui-src/node_modules/trough/license,1,1099
cpp/build/tools/ui/ui-src/node_modules/space-separated-tokens/license,1,1099
cpp/build/tools/ui/ui-src/node_modules/remark/license,1,1099
cpp/build/tools/ui/ui-src/node_modules/remark-stringify/license,1,1099
cpp/build/tools/ui/ui-src/node_modules/remark-parse/license,1,1099
cpp/build/tools/ui/ui-src/node_modules/remark-breaks/license,1,1099
cpp/build/tools/ui/ui-src/node_modules/micromark-extension-math/license,1,1099
cpp/build/tools/ui/ui-src/node_modules/micromark-extension-gfm/license,1,1099
cpp/build/tools/ui/ui-src/node_modules/micromark-extension-gfm-task-list-item/license,1,1099
cpp/build/tools/ui/ui-src/node_modules/micromark-extension-gfm-tagfilter/license,1,1099
cpp/build/tools/ui/ui-src/node_modules/micromark-extension-gfm-strikethrough/license,1,1099
cpp/build/tools/ui/ui-src/node_modules/micromark-extension-gfm-footnote/license,1,1099
cpp/build/tools/ui/ui-src/node_modules/micromark-extension-gfm-autolink-literal/license,1,1099
cpp/build/tools/ui/ui-src/node_modules/mdsvex/node_modules/unist-util-visit/license,1,1099
cpp/build/tools/ui/ui-src/node_modules/mdsvex/node_modules/unist-util-visit-parents/license,1,1099
cpp/build/tools/ui/ui-src/node_modules/mdsvex/node_modules/unist-util-is/license,1,1099
cpp/build/tools/ui/ui-src/node_modules/mdast-util-to-string/license,1,1099
cpp/build/tools/ui/ui-src/node_modules/mdast-util-to-hast/license,1,1099
cpp/build/tools/ui/ui-src/node_modules/mdast-util-newline-to-break/license,1,1099
cpp/build/tools/ui/ui-src/node_modules/mdast-util-math/license,1,1099
cpp/build/tools/ui/ui-src/node_modules/mdast-util-gfm-task-list-item/license,1,1099
cpp/build/tools/ui/ui-src/node_modules/mdast-util-gfm-table/license,1,1099
cpp/build/tools/ui/ui-src/node_modules/mdast-util-gfm-strikethrough/license,1,1099
cpp/build/tools/ui/ui-src/node_modules/mdast-util-gfm-autolink-literal/license,1,1099
cpp/build/tools/ui/ui-src/node_modules/immutable/LICENSE,1,1099
cpp/build/tools/ui/ui-src/node_modules/html-void-elements/license,1,1099
cpp/build/tools/ui/ui-src/node_modules/hast-util-whitespace/license,1,1099
cpp/build/tools/ui/ui-src/node_modules/hast-util-to-text/license,1,1099
cpp/build/tools/ui/ui-src/node_modules/hast-util-parse-selector/license,1,1099
cpp/build/tools/ui/ui-src/node_modules/hast-util-is-element/license,1,1099
cpp/build/tools/ui/ui-src/node_modules/hast-util-from-html/license,1,1099
cpp/build/tools/ui/ui-src/node_modules/ee-first/LICENSE,1,1099
cpp/build/tools/ui/ui-src/node_modules/devlop/license,1,1099
cpp/build/tools/ui/ui-src/node_modules/comma-separated-tokens/license,1,1099
cpp/build/tools/ui/ui-src/node_modules/character-entities/license,1,1099
cpp/build/tools/ui/ui-src/node_modules/character-entities-legacy/license,1,1099
cpp/build/tools/ui/ui-src/node_modules/character-entities-html4/license,1,1099
cpp/build/tools/ui/ui-src/node_modules/ccount/license,1,1099
cpp/build/tools/ui/ui-src/node_modules/bail/license,1,1099
cpp/build/tools/ui/ui-src/node_modules/acorn/LICENSE,1,1099
cpp/build/tools/ui/ui-src/node_modules/terser/node_modules/commander/LICENSE,1,1098
cpp/build/tools/ui/ui-src/node_modules/mime/LICENSE,1,1098
cpp/build/tools/ui/ui-src/node_modules/katex/node_modules/commander/LICENSE,1,1098
cpp/build/tools/ui/ui-src/node_modules/inline-style-parser/LICENSE,1,1098
cpp/build/tools/ui/ui-src/node_modules/eventsource-parser/LICENSE,1,1098
cpp/build/tools/ui/ui-src/node_modules/commander/LICENSE,1,1098
cpp/build/tools/ui/ui-src/node_modules/typescript-eslint/LICENSE,1,1097
cpp/build/tools/ui/ui-src/node_modules/@typescript-eslint/visitor-keys/LICENSE,1,1097
cpp/build/tools/ui/ui-src/node_modules/@typescript-eslint/utils/LICENSE,1,1097
cpp/build/tools/ui/ui-src/node_modules/@typescript-eslint/typescript-estree/LICENSE,1,1097
cpp/build/tools/ui/ui-src/node_modules/@typescript-eslint/types/LICENSE,1,1097
cpp/build/tools/ui/ui-src/node_modules/@typescript-eslint/type-utils/LICENSE,1,1097
cpp/build/tools/ui/ui-src/node_modules/@typescript-eslint/tsconfig-utils/LICENSE,1,1097
cpp/build/tools/ui/ui-src/node_modules/@typescript-eslint/scope-manager/LICENSE,1,1097
cpp/build/tools/ui/ui-src/node_modules/@typescript-eslint/project-service/LICENSE,1,1097
cpp/build/tools/ui/ui-src/node_modules/@typescript-eslint/parser/LICENSE,1,1097
cpp/build/tools/ui/ui-src/node_modules/@typescript-eslint/eslint-plugin/LICENSE,1,1097
cpp/build/tools/ui/ui-src/node_modules/pathval/LICENSE,1,1096
cpp/build/tools/ui/ui-src/node_modules/isarray/LICENSE,1,1096
cpp/build/tools/ui/ui-src/node_modules/filelist/node_modules/brace-expansion/LICENSE,1,1096
cpp/build/tools/ui/ui-src/node_modules/brace-expansion/LICENSE,1,1096
cpp/build/tools/ui/ui-src/node_modules/prettier-plugin-tailwindcss/dist/licenses/postcss/LICENSE,1,1095
cpp/build/tools/ui/ui-src/node_modules/postcss/LICENSE,1,1095
cpp/build/tools/ui/ui-src/node_modules/postcss-scss/LICENSE,1,1095
cpp/build/tools/ui/ui-src/node_modules/postcss-safe-parser/LICENSE,1,1095
cpp/build/tools/ui/ui-src/node_modules/nanoid/LICENSE,1,1095
cpp/build/tools/ui/ui-src/node_modules/ignore/LICENSE-MIT,1,1095
cpp/build/tools/ui/ui-src/node_modules/es-module-lexer/LICENSE,1,1095
cpp/build/tools/ui/ui-src/node_modules/cors/LICENSE,1,1095
cpp/build/tools/ui/ui-src/node_modules/@typescript-eslint/eslint-plugin/node_modules/ignore/LICENSE-MIT,1,1095
cpp/build/tools/ui/ui-src/node_modules/vfile/node_modules/vfile-message/license,1,1094
cpp/build/tools/ui/ui-src/node_modules/vary/LICENSE,1,1094
cpp/build/tools/ui/ui-src/node_modules/safer-buffer/LICENSE,1,1094
cpp/build/tools/ui/ui-src/node_modules/remark-rehype/license,1,1094
cpp/build/tools/ui/ui-src/node_modules/remark-gfm/license,1,1094
cpp/build/tools/ui/ui-src/node_modules/rehype-highlight/license,1,1094
cpp/build/tools/ui/ui-src/node_modules/proxy-addr/LICENSE,1,1094
cpp/build/tools/ui/ui-src/node_modules/micromark/license,1,1094
cpp/build/tools/ui/ui-src/node_modules/micromark-util-types/license,1,1094
cpp/build/tools/ui/ui-src/node_modules/micromark-util-symbol/license,1,1094
cpp/build/tools/ui/ui-src/node_modules/micromark-util-subtokenize/license,1,1094
cpp/build/tools/ui/ui-src/node_modules/micromark-util-sanitize-uri/license,1,1094
cpp/build/tools/ui/ui-src/node_modules/micromark-util-resolve-all/license,1,1094
cpp/build/tools/ui/ui-src/node_modules/micromark-util-normalize-identifier/license,1,1094
cpp/build/tools/ui/ui-src/node_modules/micromark-util-html-tag-name/license,1,1094
cpp/build/tools/ui/ui-src/node_modules/micromark-util-encode/license,1,1094
cpp/build/tools/ui/ui-src/node_modules/micromark-util-decode-string/license,1,1094
cpp/build/tools/ui/ui-src/node_modules/micromark-util-decode-numeric-character-reference/license,1,1094
cpp/build/tools/ui/ui-src/node_modules/micromark-util-combine-extensions/license,1,1094
cpp/build/tools/ui/ui-src/node_modules/micromark-util-classify-character/license,1,1094
cpp/build/tools/ui/ui-src/node_modules/micromark-util-chunked/license,1,1094
cpp/build/tools/ui/ui-src/node_modules/micromark-util-character/license,1,1094
cpp/build/tools/ui/ui-src/node_modules/micromark-factory-whitespace/license,1,1094
cpp/build/tools/ui/ui-src/node_modules/micromark-factory-title/license,1,1094
cpp/build/tools/ui/ui-src/node_modules/micromark-factory-space/license,1,1094
cpp/build/tools/ui/ui-src/node_modules/micromark-factory-label/license,1,1094
cpp/build/tools/ui/ui-src/node_modules/micromark-factory-destination/license,1,1094
cpp/build/tools/ui/ui-src/node_modules/micromark-extension-gfm-table/license,1,1094
cpp/build/tools/ui/ui-src/node_modules/micromark-core-commonmark/license,1,1094
cpp/build/tools/ui/ui-src/node_modules/media-typer/LICENSE,1,1094
cpp/build/tools/ui/ui-src/node_modules/mdast-util-to-markdown/license,1,1094
cpp/build/tools/ui/ui-src/node_modules/mdast-util-gfm/license,1,1094
cpp/build/tools/ui/ui-src/node_modules/mdast-util-gfm-footnote/license,1,1094
cpp/build/tools/ui/ui-src/node_modules/mdast-util-from-markdown/license,1,1094
cpp/build/tools/ui/ui-src/node_modules/mdast-util-find-and-replace/license,1,1094
cpp/build/tools/ui/ui-src/node_modules/markdown-table/license,1,1094
cpp/build/tools/ui/ui-src/node_modules/lowlight/license,1,1094
cpp/build/tools/ui/ui-src/node_modules/hastscript/license,1,1094
cpp/build/tools/ui/ui-src/node_modules/hast-util-to-html/license,1,1094
cpp/build/tools/ui/ui-src/node_modules/hast-util-sanitize/license,1,1094
cpp/build/tools/ui/ui-src/node_modules/hast-util-from-parse5/license,1,1094
cpp/build/tools/ui/ui-src/node_modules/hast-util-from-html/node_modules/vfile-message/license,1,1094
cpp/build/tools/ui/ui-src/node_modules/forwarded/LICENSE,1,1094
cpp/build/tools/ui/ui-src/node_modules/etag/LICENSE,1,1094
cpp/build/tools/ui/ui-src/node_modules/eslint/node_modules/@eslint/js/LICENSE,1,1094
cpp/build/tools/ui/ui-src/node_modules/eslint/LICENSE,1,1094
cpp/build/tools/ui/ui-src/node_modules/depd/LICENSE,1,1094
cpp/build/tools/ui/ui-src/node_modules/decode-named-character-reference/license,1,1094
cpp/build/tools/ui/ui-src/node_modules/content-disposition/LICENSE,1,1094
cpp/build/tools/ui/ui-src/node_modules/@mdx-js/react/license,1,1094
cpp/build/tools/ui/ui-src/node_modules/@eslint/js/LICENSE,1,1094
cpp/build/tools/ui/ui-src/node_modules/@eslint/eslintrc/LICENSE,1,1094
cpp/build/tools/ui/ui-src/node_modules/@antfu/install-pkg/LICENSE,1,1094
cpp/build/tools/ui/ui-src/node_modules/upath/LICENSE,1,1092
cpp/build/tools/ui/ui-src/node_modules/svelte-eslint-parser/node_modules/postcss-selector-parser/LICENSE-MIT,1,1092
cpp/build/tools/ui/ui-src/node_modules/postcss-selector-parser/LICENSE-MIT,1,1092
cpp/build/tools/ui/ui-src/node_modules/kolorist/LICENSE,1,1092
cpp/build/tools/ui/ui-src/node_modules/strip-comments/LICENSE,1,1091
cpp/build/tools/ui/ui-src/node_modules/picomatch/LICENSE,1,1091
cpp/build/tools/ui/ui-src/node_modules/undici-types/LICENSE,1,1090
cpp/build/tools/ui/ui-src/node_modules/eslint/node_modules/ajv/LICENSE,1,1090
cpp/build/tools/ui/ui-src/node_modules/ajv/LICENSE,1,1090
cpp/build/tools/ui/ui-src/node_modules/@eslint/eslintrc/node_modules/ajv/LICENSE,1,1090
cpp/build/tools/ui/ui-src/node_modules/type-is/node_modules/content-type/LICENSE,1,1089
cpp/build/tools/ui/ui-src/node_modules/mermaid/LICENSE,1,1089
cpp/build/tools/ui/ui-src/node_modules/encodeurl/LICENSE,1,1089
cpp/build/tools/ui/ui-src/node_modules/content-type/LICENSE,1,1089
cpp/build/tools/ui/ui-src/node_modules/body-parser/node_modules/content-type/LICENSE,1,1089
cpp/build/tools/ui/ui-src/node_modules/@floating-ui/utils/LICENSE,1,1089
cpp/build/tools/ui/ui-src/node_modules/@floating-ui/dom/LICENSE,1,1089
cpp/build/tools/ui/ui-src/node_modules/@floating-ui/core/LICENSE,1,1089
cpp/build/tools/ui/ui-src/node_modules/use-sync-external-store/LICENSE,1,1088
cpp/build/tools/ui/ui-src/node_modules/tapable/LICENSE,1,1088
cpp/build/tools/ui/ui-src/node_modules/scheduler/LICENSE,1,1088
cpp/build/tools/ui/ui-src/node_modules/react/LICENSE,1,1088
cpp/build/tools/ui/ui-src/node_modules/react-dom/LICENSE,1,1088
cpp/build/tools/ui/ui-src/node_modules/is-glob/LICENSE,1,1088
cpp/build/tools/ui/ui-src/node_modules/flat-cache/LICENSE,1,1088
cpp/build/tools/ui/ui-src/node_modules/word-wrap/LICENSE,1,1087
cpp/build/tools/ui/ui-src/node_modules/is-extglob/LICENSE,1,1087
cpp/build/tools/ui/ui-src/node_modules/eventsource/LICENSE,1,1087
cpp/build/tools/ui/ui-src/node_modules/color-convert/LICENSE,1,1087
cpp/build/tools/ui/ui-src/node_modules/sharp-ico/LICENSE,1,1086
cpp/build/tools/ui/ui-src/node_modules/react-is/LICENSE,1,1086
cpp/build/tools/ui/ui-src/node_modules/pretty-format/LICENSE,1,1086
cpp/build/tools/ui/ui-src/node_modules/file-entry-cache/LICENSE,1,1086
cpp/build/tools/ui/ui-src/node_modules/@babel/parser/LICENSE,1,1086
cpp/build/tools/ui/ui-src/node_modules/color-name/LICENSE,1,1085
cpp/build/tools/ui/ui-src/node_modules/js-yaml/LICENSE,1,1084
cpp/build/tools/ui/ui-src/node_modules/fs-extra/LICENSE,1,1084
cpp/build/tools/ui/ui-src/node_modules/cytoscape-cose-bilkent/LICENSE,1,1084
cpp/build/tools/ui/ui-src/node_modules/sqids/LICENSE,1,1083
cpp/build/tools/ui/ui-src/node_modules/set-function-name/LICENSE,1,1083
cpp/build/tools/ui/ui-src/node_modules/set-function-length/LICENSE,1,1083
cpp/build/tools/ui/ui-src/node_modules/prettier-plugin-tailwindcss/dist/licenses/prettier-plugin-marko/LICENSE,1,1083
cpp/build/tools/ui/ui-src/node_modules/prettier-plugin-tailwindcss/dist/licenses/@prettier/plugin-pug/LICENSE,1,1083
cpp/build/tools/ui/ui-src/node_modules/hasown/LICENSE,1,1083
matchall/LICENSE,1,1082
flags/LICENSE,1,1082
cpp/build/tools/ui/ui-src/node_modules/which-typed-array/LICENSE,1,1082
cpp/build/tools/ui/ui-src/node_modules/vitest/node_modules/chai/LICENSE,1,1082
cpp/build/tools/ui/ui-src/node_modules/prettier-plugin-tailwindcss/dist/licenses/prettier-plugin-organize-attributes/LICENSE,1,1082
cpp/build/tools/ui/ui-src/node_modules/is-typed-array/LICENSE,1,1082
cpp/build/tools/ui/ui-src/node_modules/is-symbol/LICENSE,1,1082
cpp/build/tools/ui/ui-src/node_modules/is-string/LICENSE,1,1082
cpp/build/tools/ui/ui-src/node_modules/is-number-object/LICENSE,1,1082
cpp/build/tools/ui/ui-src/node_modules/is-date-object/LICENSE,1,1082
cpp/build/tools/ui/ui-src/node_modules/is-callable/LICENSE,1,1082
cpp/build/tools/ui/ui-src/node_modules/is-boolean-object/LICENSE,1,1082
cpp/build/tools/ui/ui-src/node_modules/is-array-buffer/LICENSE,1,1082
cpp/build/tools/ui/ui-src/node_modules/eventemitter3/LICENSE,1,1082
cpp/build/tools/ui/ui-src/node_modules/es-to-primitive/LICENSE,1,1082
cpp/build/tools/ui/ui-src/node_modules/cytoscape/LICENSE,1,1082
cpp/build/tools/ui/ui-src/node_modules/chai/LICENSE,1,1082
trim/LICENSE,1,1081
name/LICENSE,1,1081
cpp/build/tools/ui/ui-src/node_modules/safe-buffer/LICENSE,1,1081
cpp/build/tools/ui/ui-src/node_modules/is-regex/LICENSE,1,1081
cpp/build/tools/ui/ui-src/node_modules/is-negative-zero/LICENSE,1,1081
cpp/build/tools/ui/ui-src/node_modules/is-generator-function/LICENSE,1,1081
cpp/build/tools/ui/ui-src/node_modules/is-async-function/LICENSE,1,1081
cpp/build/tools/ui/ui-src/node_modules/globalthis/LICENSE,1,1081
cpp/build/tools/ui/ui-src/node_modules/extend/LICENSE,1,1081
cpp/build/tools/ui/ui-src/node_modules/es-abstract/LICENSE,1,1081
cpp/build/tools/ui/ui-src/node_modules/cytoscape-fcose/node_modules/cose-base/LICENSE,1,1081
cpp/build/tools/ui/ui-src/node_modules/cose-base/LICENSE,1,1081
cpp/build/tools/ui/ui-src/node_modules/@testing-library/user-event/LICENSE,1,1081
cpp/build/tools/ui/ui-src/node_modules/path-parse/LICENSE,1,1080
cpp/build/tools/ui/ui-src/node_modules/object-keys/LICENSE,1,1080
cpp/build/tools/ui/ui-src/node_modules/define-properties/LICENSE,1,1080
cpp/build/tools/ui/ui-src/node_modules/@jridgewell/trace-mapping/LICENSE,1,1080
cpp/build/tools/ui/ui-src/node_modules/@jridgewell/sourcemap-codec/LICENSE,1,1080
cpp/build/tools/ui/ui-src/node_modules/@jridgewell/source-map/LICENSE,1,1080
cpp/build/tools/ui/ui-src/node_modules/@jridgewell/remapping/LICENSE,1,1080
cpp/build/tools/ui/ui-src/node_modules/@jridgewell/gen-mapping/LICENSE,1,1080
assign/LICENSE,1,1080
cpp/build/tools/ui/ui-src/node_modules/why-is-node-running/LICENSE,1,1079
cpp/build/tools/ui/ui-src/node_modules/union/LICENSE,1,1079
cpp/build/tools/ui/ui-src/node_modules/tabbable/LICENSE,1,1079
cpp/build/tools/ui/ui-src/node_modules/std-env/LICENCE,1,1079
cpp/build/tools/ui/ui-src/node_modules/prettier-plugin-tailwindcss/dist/licenses/line-column/LICENSE,1,1079
cpp/build/tools/ui/ui-src/node_modules/prettier-plugin-tailwindcss/dist/licenses/fast-glob/LICENSE,1,1079
cpp/build/tools/ui/ui-src/node_modules/eslint-plugin-storybook/LICENSE,1,1079
cpp/build/tools/ui/ui-src/node_modules/cytoscape-fcose/LICENSE,1,1079
cpp/build/tools/ui/ui-src/node_modules/@testing-library/jest-dom/LICENSE,1,1079
cpp/build/tools/ui/ui-src/node_modules/@testing-library/dom/LICENSE,1,1079
cpp/build/tools/ui/ui-src/node_modules/@storybook/mcp/LICENSE,1,1079
cpp/build/tools/ui/ui-src/node_modules/@storybook/addon-svelte-csf/LICENSE,1,1079
cpp/build/tools/ui/ui-src/node_modules/@storybook/addon-mcp/LICENSE,1,1079
cpp/build/tools/ui/ui-src/node_modules/@jridgewell/resolve-uri/LICENSE,1,1079
cpp/build/tools/ui/ui-src/node_modules/@chromatic-com/storybook/LICENSE,1,1079
cpp/build/tools/ui/ui-src/node_modules/stylis/LICENSE,1,1078
cpp/build/tools/ui/ui-src/node_modules/scule/LICENSE,1,1078
cpp/build/tools/ui/ui-src/node_modules/prettier-plugin-tailwindcss/dist/licenses/jiti/LICENSE,1,1078
cpp/build/tools/ui/ui-src/node_modules/jiti/LICENSE,1,1078
cpp/build/tools/ui/ui-src/node_modules/is-core-module/LICENSE,1,1078
cpp/build/tools/ui/ui-src/node_modules/defu/LICENSE,1,1078
cpp/build/tools/ui/ui-src/node_modules/convert-source-map/LICENSE,1,1078
cpp/build/tools/ui/ui-src/node_modules/buffer-from/LICENSE,1,1078
cpp/LICENSE,1,1078
cpp/build/tools/ui/ui-src/node_modules/unplugin/LICENSE,1,1077
cpp/build/tools/ui/ui-src/node_modules/@parcel/watcher/LICENSE,1,1077
cpp/build/tools/ui/ui-src/node_modules/@parcel/watcher-win32-x64/LICENSE,1,1077
cpp/build/tools/ui/ui-src/node_modules/@mermaid-js/parser/LICENSE,1,1077
cpp/build/tools/ui/ui-src/node_modules/url-join/LICENSE,1,1076
cpp/build/tools/ui/ui-src/node_modules/tinyglobby/LICENSE,1,1076
cpp/build/tools/ui/ui-src/node_modules/storybook/node_modules/@vitest/spy/LICENSE,1,1076
cpp/build/tools/ui/ui-src/node_modules/known-css-properties/LICENSE,1,1076
cpp/build/tools/ui/ui-src/node_modules/@vitest/expect/node_modules/@vitest/utils/LICENSE,1,1076
cpp/build/tools/ui/ui-src/node_modules/@vitest/expect/node_modules/@vitest/spy/LICENSE,1,1076
cpp/build/tools/ui/ui-src/node_modules/@vitest/expect/node_modules/@vitest/pretty-format/LICENSE,1,1076
cpp/build/tools/ui/ui-src/node_modules/@vitest/expect/LICENSE,1,1076
cpp/vendor/cpp-httplib/LICENSE,1,1075
cpp/licenses/LICENSE-jsonhpp,1,1075
cpp/build/tools/ui/ui-src/node_modules/smob/LICENSE,1,1075
cpp/build/tools/ui/ui-src/node_modules/remark-html/license,1,1075
cpp/build/tools/ui/ui-src/node_modules/recast/LICENSE,1,1075
cpp/build/tools/ui/ui-src/node_modules/portfinder/LICENSE,1,1075
cpp/build/tools/ui/ui-src/node_modules/gensync/LICENSE,1,1075
cpp/build/tools/ui/ui-src/node_modules/for-each/LICENSE,1,1075
cpp/build/tools/ui/ui-src/node_modules/ast-types/LICENSE,1,1075
cpp/build/tools/ui/ui-src/node_modules/@napi-rs/canvas/LICENSE,1,1075
cpp/build/tools/ui/ui-src/node_modules/vitefu/LICENSE,1,1074
cpp/build/tools/ui/ui-src/node_modules/prettier-plugin-tailwindcss/dist/licenses/prettier-plugin-jsdoc/LICENSE,1,1074
cpp/build/tools/ui/ui-src/node_modules/lilconfig/LICENSE,1,1074
cpp/build/tools/ui/ui-src/node_modules/json-schema-traverse/LICENSE,1,1074
cpp/build/tools/ui/ui-src/node_modules/fast-deep-equal/LICENSE,1,1074
cpp/build/tools/ui/ui-src/node_modules/eslint/node_modules/json-schema-traverse/LICENSE,1,1074
cpp/build/tools/ui/ui-src/node_modules/ajv-formats/LICENSE,1,1074
cpp/build/tools/ui/ui-src/node_modules/@eslint/eslintrc/node_modules/json-schema-traverse/LICENSE,1,1074
trimstart/LICENSE,1,1073
trimend/LICENSE,1,1073
slice/LICENSE,1,1073
getprototypeof/LICENSE,1,1073
cpp/tools/ui/src/lib/vendors/nerdamer-prime/LICENSE,1,1073
cpp/build/tools/ui/ui-src/src/lib/vendors/nerdamer-prime/LICENSE,1,1073
cpp/build/tools/ui/ui-src/node_modules/which-builtin-type/LICENSE,1,1073
cpp/build/tools/ui/ui-src/node_modules/ts-dedent/LICENSE,1,1073
cpp/build/tools/ui/ui-src/node_modules/tiny-invariant/LICENSE,1,1073
cpp/build/tools/ui/ui-src/node_modules/tailwind-variants/LICENSE,1,1073
cpp/build/tools/ui/ui-src/node_modules/minimist/LICENSE,1,1073
cpp/build/tools/ui/ui-src/node_modules/math-intrinsics/LICENSE,1,1073
cpp/build/tools/ui/ui-src/node_modules/json-stable-stringify-without-jsonify/LICENSE,1,1073
cpp/build/tools/ui/ui-src/node_modules/es-set-tostringtag/LICENSE,1,1073
cpp/build/tools/ui/ui-src/node_modules/dunder-proto/LICENSE,1,1073
cpp/build/tools/ui/ui-src/node_modules/concat-map/LICENSE,1,1073
cpp/build/tools/ui/ui-src/node_modules/@storybook/csf/LICENSE,1,1073
cpp/gguf-py/LICENSE,1,1072
cpp/build/tools/ui/ui-src/node_modules/zod/LICENSE,1,1072
cpp/build/tools/ui/ui-src/node_modules/svelte2tsx/LICENSE,1,1072
cpp/build/tools/ui/ui-src/node_modules/eta/LICENSE,1,1072
cpp/build/tools/ui/ui-src/node_modules/dayjs/LICENSE,1,1072
cpp/build/tools/ui/ui-src/node_modules/chromatic/LICENSE,1,1072
cpp/build/tools/ui/ui-src/node_modules/bits-ui/LICENSE,1,1072
cpp/build/tools/ui/ui-src/node_modules/which-boxed-primitive/LICENSE,1,1071
cpp/build/tools/ui/ui-src/node_modules/uri-template-matcher/LICENSE,1,1071
cpp/build/tools/ui/ui-src/node_modules/unbox-primitive/LICENSE,1,1071
cpp/build/tools/ui/ui-src/node_modules/typed-array-buffer/LICENSE,1,1071
cpp/build/tools/ui/ui-src/node_modules/tmcp/LICENSE,1,1071
cpp/build/tools/ui/ui-src/node_modules/tailwindcss/LICENSE,1,1071
cpp/build/tools/ui/ui-src/node_modules/svelte-sonner/LICENSE,1,1071
cpp/build/tools/ui/ui-src/node_modules/stop-iteration-iterator/LICENSE,1,1071
cpp/build/tools/ui/ui-src/node_modules/side-channel/LICENSE,1,1071
cpp/build/tools/ui/ui-src/node_modules/side-channel-weakmap/LICENSE,1,1071
cpp/build/tools/ui/ui-src/node_modules/side-channel-map/LICENSE,1,1071
cpp/build/tools/ui/ui-src/node_modules/side-channel-list/LICENSE,1,1071
cpp/build/tools/ui/ui-src/node_modules/set-proto/LICENSE,1,1071
cpp/build/tools/ui/ui-src/node_modules/safe-regex-test/LICENSE,1,1071
cpp/build/tools/ui/ui-src/node_modules/safe-push-apply/LICENSE,1,1071
cpp/build/tools/ui/ui-src/node_modules/safe-array-concat/LICENSE,1,1071
cpp/build/tools/ui/ui-src/node_modules/resolve/LICENSE,1,1071
cpp/build/tools/ui/ui-src/node_modules/prettier-plugin-tailwindcss/dist/licenses/enhanced-resolve/LICENSE,1,1071
cpp/build/tools/ui/ui-src/node_modules/possible-typed-array-names/LICENSE,1,1071
cpp/build/tools/ui/ui-src/node_modules/own-keys/LICENSE,1,1071
cpp/build/tools/ui/ui-src/node_modules/object-inspect/LICENSE,1,1071
cpp/build/tools/ui/ui-src/node_modules/json-buffer/LICENSE,1,1071
cpp/build/tools/ui/ui-src/node_modules/is-bigint/LICENSE,1,1071
cpp/build/tools/ui/ui-src/node_modules/internal-slot/LICENSE,1,1071
cpp/build/tools/ui/ui-src/node_modules/has-symbols/LICENSE,1,1071
cpp/build/tools/ui/ui-src/node_modules/has-bigints/LICENSE,1,1071
cpp/build/tools/ui/ui-src/node_modules/gopd/LICENSE,1,1071
cpp/build/tools/ui/ui-src/node_modules/get-proto/LICENSE,1,1071
cpp/build/tools/ui/ui-src/node_modules/get-intrinsic/LICENSE,1,1071
cpp/build/tools/ui/ui-src/node_modules/functions-have-names/LICENSE,1,1071
cpp/build/tools/ui/ui-src/node_modules/es-object-atoms/LICENSE,1,1071
cpp/build/tools/ui/ui-src/node_modules/es-errors/LICENSE,1,1071
cpp/build/tools/ui/ui-src/node_modules/es-define-property/LICENSE,1,1071
cpp/build/tools/ui/ui-src/node_modules/enhanced-resolve/LICENSE,1,1071
cpp/build/tools/ui/ui-src/node_modules/define-data-property/LICENSE,1,1071
cpp/build/tools/ui/ui-src/node_modules/data-view-byte-offset/LICENSE,1,1071
cpp/build/tools/ui/ui-src/node_modules/data-view-byte-length/LICENSE,1,1071
cpp/build/tools/ui/ui-src/node_modules/data-view-buffer/LICENSE,1,1071
cpp/build/tools/ui/ui-src/node_modules/call-bound/LICENSE,1,1071
cpp/build/tools/ui/ui-src/node_modules/call-bind/LICENSE,1,1071
cpp/build/tools/ui/ui-src/node_modules/call-bind-apply-helpers/LICENSE,1,1071
cpp/build/tools/ui/ui-src/node_modules/@tmcp/transport-http/LICENSE,1,1071
cpp/build/tools/ui/ui-src/node_modules/@tmcp/session-manager/LICENSE,1,1071
cpp/build/tools/ui/ui-src/node_modules/@tmcp/adapter-valibot/LICENSE,1,1071
cpp/build/tools/ui/ui-src/node_modules/@tailwindcss/vite/node_modules/tailwindcss/LICENSE,1,1071
cpp/build/tools/ui/ui-src/node_modules/@tailwindcss/vite/LICENSE,1,1071
cpp/build/tools/ui/ui-src/node_modules/@tailwindcss/typography/LICENSE,1,1071
cpp/build/tools/ui/ui-src/node_modules/@tailwindcss/oxide/LICENSE,1,1071
cpp/build/tools/ui/ui-src/node_modules/@tailwindcss/oxide-win32-x64-msvc/LICENSE,1,1071
cpp/build/tools/ui/ui-src/node_modules/@tailwindcss/node/node_modules/tailwindcss/LICENSE,1,1071
cpp/build/tools/ui/ui-src/node_modules/@tailwindcss/node/LICENSE,1,1071
cpp/build/tools/ui/ui-src/node_modules/@tailwindcss/forms/LICENSE,1,1071
cpp/build/tools/ui/ui-src/node_modules/@standard-schema/spec/LICENSE,1,1071
cpp/build/tools/ui/ui-src/node_modules/@modelcontextprotocol/sdk/LICENSE,1,1071
cpp/build/tools/ui/ui-src/node_modules/@eslint-community/regexpp/LICENSE,1,1071
cpp/build/tools/ui/ui-src/node_modules/@eslint-community/eslint-utils/LICENSE,1,1071
cpp/build/tools/ui/ui-src/node_modules/rehype-stringify/license,1,1070
cpp/build/tools/ui/ui-src/node_modules/prettier-plugin-tailwindcss/LICENSE,1,1070
cpp/build/tools/ui/ui-src/node_modules/vite-plugin-devtools-json/LICENSE,1,1069
cpp/build/tools/ui/ui-src/node_modules/layout-base/LICENSE,1,1069
cpp/build/tools/ui/ui-src/node_modules/fflate/LICENSE,1,1069
cpp/build/tools/ui/ui-src/node_modules/cytoscape-fcose/node_modules/layout-base/LICENSE,1,1069
cpp/build/tools/ui/ui-src/node_modules/ast-v8-to-istanbul/LICENSE,1,1069
cpp/build/tools/ui/ui-src/node_modules/tw-animate-css/LICENSE,1,1068
cpp/build/tools/ui/ui-src/node_modules/roughjs/LICENSE,1,1068
cpp/build/tools/ui/ui-src/node_modules/points-on-curve/LICENSE,1,1068
cpp/build/tools/ui/ui-src/node_modules/path-data-parser/LICENSE,1,1068
cpp/build/tools/ui/ui-src/node_modules/mini-svg-data-uri/LICENSE,1,1068
cpp/build/tools/ui/ui-src/node_modules/hachure-fill/LICENSE,1,1068
cpp/build/tools/ui/ui-src/node_modules/acorn-jsx/LICENSE,1,1068
cpp/build/tools/ui/ui-src/node_modules/which-collection/LICENSE,1,1067
cpp/build/tools/ui/ui-src/node_modules/typed-array-length/LICENSE,1,1067
cpp/build/tools/ui/ui-src/node_modules/typed-array-byte-offset/LICENSE,1,1067
cpp/build/tools/ui/ui-src/node_modules/typed-array-byte-length/LICENSE,1,1067
cpp/build/tools/ui/ui-src/node_modules/svelte-eslint-parser/LICENSE,1,1067
cpp/build/tools/ui/ui-src/node_modules/supports-preserve-symlinks-flag/LICENSE,1,1067
cpp/build/tools/ui/ui-src/node_modules/is-weakset/LICENSE,1,1067
cpp/build/tools/ui/ui-src/node_modules/is-weakref/LICENSE,1,1067
cpp/build/tools/ui/ui-src/node_modules/is-weakmap/LICENSE,1,1067
cpp/build/tools/ui/ui-src/node_modules/is-shared-array-buffer/LICENSE,1,1067
cpp/build/tools/ui/ui-src/node_modules/is-set/LICENSE,1,1067
cpp/build/tools/ui/ui-src/node_modules/is-map/LICENSE,1,1067
cpp/build/tools/ui/ui-src/node_modules/is-finalizationregistry/LICENSE,1,1067
cpp/build/tools/ui/ui-src/node_modules/is-data-view/LICENSE,1,1067
cpp/build/tools/ui/ui-src/node_modules/has-tostringtag/LICENSE,1,1067
cpp/build/tools/ui/ui-src/node_modules/has-proto/LICENSE,1,1067
cpp/build/tools/ui/ui-src/node_modules/has-property-descriptors/LICENSE,1,1067
cpp/build/tools/ui/ui-src/node_modules/get-symbol-description/LICENSE,1,1067
cpp/build/tools/ui/ui-src/node_modules/eslint-plugin-svelte/LICENSE,1,1067
cpp/build/tools/ui/ui-src/node_modules/available-typed-arrays/LICENSE,1,1067
cpp/build/tools/ui/ui-src/node_modules/async-function/LICENSE,1,1067
cpp/build/tools/ui/ui-src/node_modules/array-buffer-byte-length/LICENSE,1,1067
0/LICENSE,1,1067
cpp/build/tools/ui/ui-src/node_modules/prismjs/LICENSE,1,1066
cpp/build/tools/ui/ui-src/node_modules/prettier-plugin-tailwindcss/dist/licenses/prettier-plugin-organize-imports/license,1,1066
cpp/build/tools/ui/ui-src/node_modules/@braintree/sanitize-url/LICENSE,1,1066
cpp/build/tools/ui/ui-src/node_modules/webpack-virtual-modules/LICENSE,1,1065
cpp/build/tools/ui/ui-src/node_modules/tinyspy/LICENCE,1,1065
cpp/build/tools/ui/ui-src/node_modules/tinyrainbow/LICENCE,1,1065
cpp/build/tools/ui/ui-src/node_modules/tinyexec/LICENSE,1,1065
cpp/build/tools/ui/ui-src/node_modules/tinybench/LICENSE,1,1065
cpp/build/tools/ui/ui-src/node_modules/prettier/LICENSE,1,1065
cpp/build/tools/ui/ui-src/node_modules/prettier-plugin-tailwindcss/dist/licenses/@prettier/plugin-oxc/LICENSE,1,1065
cpp/build/tools/ui/ui-src/node_modules/prettier-plugin-tailwindcss/dist/licenses/@prettier/plugin-hermes/LICENSE,1,1065
cpp/build/tools/ui/ui-src/node_modules/@vitest/expect/node_modules/tinyrainbow/LICENCE,1,1065
cpp/build/tools/ui/ui-src/node_modules/whatwg-encoding/node_modules/iconv-lite/LICENSE,1,1064
cpp/build/tools/ui/ui-src/node_modules/lz-string/LICENSE,1,1064
cpp/build/tools/ui/ui-src/node_modules/iconv-lite/LICENSE,1,1064
cpp/build/tools/ui/ui-src/node_modules/d3-dsv/node_modules/iconv-lite/LICENSE,1,1064
cpp/build/tools/ui/ui-src/node_modules/corser/LICENSE,1,1064
cpp/build/tools/ui/ui-src/node_modules/@apideck/better-ajv-errors/LICENSE,1,1064
cpp/build/tools/ui/ui-src/node_modules/esm-env/LICENSE,1,1063
cpp/build/tools/ui/ui-src/node_modules/async/LICENSE,1,1063
cpp/build/tools/ui/ui-src/node_modules/points-on-path/LICENSE,1,1062
cpp/build/tools/ui/ui-src/node_modules/csstype/LICENSE,1,1062
cpp/build/tools/ui/ui-src/node_modules/@storybook/global/LICENSE,1,1062
cpp/build/tools/ui/ui-src/node_modules/@babel/preset-modules/LICENSE,1,1062
cpp/build/tools/ui/ui-src/node_modules/mdsvex/LICENSE,1,1061
cpp/build/tools/ui/ui-src/node_modules/ip-address/LICENSE,1,1061
LICENSE,1,1061
cpp/build/tools/ui/ui-src/node_modules/dedent-js/LICENSE,1,1059
cpp/build/tools/ui/ui-src/node_modules/prettier-plugin-tailwindcss/dist/licenses/pug-lexer/LICENSE,1,1058
cpp/build/tools/ui/ui-src/node_modules/is-promise/LICENSE,1,1058
cpp/build/tools/ui/ui-src/node_modules/pkce-challenge/LICENSE,1,1057
cpp/build/tools/ui/ui-src/node_modules/type-check/LICENSE,1,1054
cpp/build/tools/ui/ui-src/node_modules/prelude-ls/LICENSE,1,1054
cpp/build/tools/ui/ui-src/node_modules/optionator/LICENSE,1,1054
cpp/build/tools/ui/ui-src/node_modules/levn/LICENSE,1,1054
cpp/build/tools/ui/ui-src/node_modules/fdir/LICENSE,1,1053
cpp/build/tools/ui/ui-src/node_modules/function-bind/LICENSE,1,1052
cpp/build/tools/ui/ui-src/node_modules/magic-string/LICENSE,1,1051
cpp/build/tools/ui/ui-src/node_modules/workbox-window/LICENSE,1,1050
cpp/build/tools/ui/ui-src/node_modules/workbox-sw/LICENSE,1,1050
cpp/build/tools/ui/ui-src/node_modules/workbox-streams/LICENSE,1,1050
cpp/build/tools/ui/ui-src/node_modules/workbox-strategies/LICENSE,1,1050
cpp/build/tools/ui/ui-src/node_modules/workbox-routing/LICENSE,1,1050
cpp/build/tools/ui/ui-src/node_modules/workbox-recipes/LICENSE,1,1050
cpp/build/tools/ui/ui-src/node_modules/workbox-range-requests/LICENSE,1,1050
cpp/build/tools/ui/ui-src/node_modules/workbox-precaching/LICENSE,1,1050
cpp/build/tools/ui/ui-src/node_modules/workbox-navigation-preload/LICENSE,1,1050
cpp/build/tools/ui/ui-src/node_modules/workbox-google-analytics/LICENSE,1,1050
cpp/build/tools/ui/ui-src/node_modules/workbox-expiration/LICENSE,1,1050
cpp/build/tools/ui/ui-src/node_modules/workbox-core/LICENSE,1,1050
cpp/build/tools/ui/ui-src/node_modules/workbox-cacheable-response/LICENSE,1,1050
cpp/build/tools/ui/ui-src/node_modules/workbox-build/LICENSE,1,1050
cpp/build/tools/ui/ui-src/node_modules/workbox-broadcast-update/LICENSE,1,1050
cpp/build/tools/ui/ui-src/node_modules/workbox-background-sync/LICENSE,1,1050
cpp/build/tools/ui/ui-src/node_modules/which/bin/node-which,1,985
cff,1,970
cpp/build/tools/ui/ui-src/node_modules/recast/example/add-braces,1,956
clang-tidy,1,931
iml,2,916
cpp/build/tools/ui/ui-src/node_modules/eslint/node_modules/ajv/scripts/travis-gh-pages,1,874
cpp/build/tools/ui/ui-src/node_modules/@eslint/eslintrc/node_modules/ajv/scripts/travis-gh-pages,1,874
cpp/build/tools/ui/ui-src/node_modules/glob-parent/LICENSE,1,857
cpp/build/tools/ui/ui-src/node_modules/eslint/node_modules/ajv/scripts/publish-built-version,1,842
cpp/build/tools/ui/ui-src/node_modules/@eslint/eslintrc/node_modules/ajv/scripts/publish-built-version,1,842
webmanifest,2,807
cpp/build/tools/ui/ui-src/node_modules/graceful-fs/LICENSE,1,791
bin/uuid,2,788
cpp/build/tools/ui/ui-src/node_modules/picocolors/LICENSE,1,787
cpp/build/tools/ui/ui-src/node_modules/idb/LICENSE,1,776
cpp/build/tools/ui/ui-src/node_modules/foreground-child/LICENSE,1,775
cpp/build/tools/ui/ui-src/node_modules/filelist/node_modules/minimatch/LICENSE,1,775
cpp/build/tools/ui/ui-src/node_modules/flatted/LICENSE,1,770
cpp/build/tools/ui/ui-src/node_modules/at-least-node/LICENSE,1,770
cpp/build/tools/ui/ui-src/node_modules/yallist/LICENSE,1,765
cpp/build/tools/ui/ui-src/node_modules/wrappy/LICENSE,1,765
cpp/build/tools/ui/ui-src/node_modules/which/LICENSE,1,765
cpp/build/tools/ui/ui-src/node_modules/semver/LICENSE,1,765
cpp/build/tools/ui/ui-src/node_modules/once/LICENSE,1,765
cpp/build/tools/ui/ui-src/node_modules/minimatch/LICENSE,1,765
cpp/build/tools/ui/ui-src/node_modules/isexe/LICENSE,1,765
cpp/build/tools/ui/ui-src/node_modules/babel-plugin-polyfill-corejs2/node_modules/semver/LICENSE,1,765
cpp/build/tools/ui/ui-src/node_modules/@ungap/structured-clone/LICENSE,1,765
cpp/build/tools/ui/ui-src/node_modules/@isaacs/fs-minipass/LICENSE,1,765
cpp/build/tools/ui/ui-src/node_modules/@babel/preset-env/node_modules/semver/LICENSE,1,765
cpp/build/tools/ui/ui-src/node_modules/@babel/helper-create-regexp-features-plugin/node_modules/semver/LICENSE,1,765
cpp/build/tools/ui/ui-src/node_modules/@babel/helper-create-class-features-plugin/node_modules/semver/LICENSE,1,765
cpp/build/tools/ui/ui-src/node_modules/@babel/helper-compilation-targets/node_modules/semver/LICENSE,1,765
cpp/build/tools/ui/ui-src/node_modules/@babel/helper-compilation-targets/node_modules/lru-cache/LICENSE,1,765
cpp/build/tools/ui/ui-src/node_modules/@babel/core/node_modules/semver/LICENSE,1,765
cpp/build/tools/ui/ui-src/node_modules/hast-util-from-dom/license,1,760
cpp/build/tools/ui/ui-src/node_modules/d3-delaunay/LICENSE,1,757
inf,1,754
cpp/build/tools/ui/ui-src/node_modules/inherits/LICENSE,1,749
cpp/build/tools/ui/ui-src/node_modules/zod-to-json-schema/LICENSE,1,745
cpp/build/tools/ui/ui-src/node_modules/siginfo/LICENSE,1,744
cpp/build/tools/ui/ui-src/node_modules/postcss-load-config/node_modules/yaml/LICENSE,1,743
cpp/build/tools/ui/ui-src/node_modules/delaunator/LICENSE,1,738
cpp/build/tools/ui/ui-src/node_modules/prettier-plugin-tailwindcss/dist/licenses/import-sort-style-module/LICENSE,1,733
cpp/build/tools/ui/ui-src/node_modules/d3/LICENSE,1,731
cpp/build/tools/ui/ui-src/node_modules/d3-zoom/LICENSE,1,731
cpp/build/tools/ui/ui-src/node_modules/d3-transition/LICENSE,1,731
cpp/build/tools/ui/ui-src/node_modules/d3-timer/LICENSE,1,731
cpp/build/tools/ui/ui-src/node_modules/d3-time/LICENSE,1,731
cpp/build/tools/ui/ui-src/node_modules/d3-time-format/LICENSE,1,731
cpp/build/tools/ui/ui-src/node_modules/d3-shape/LICENSE,1,731
cpp/build/tools/ui/ui-src/node_modules/d3-selection/LICENSE,1,731
cpp/build/tools/ui/ui-src/node_modules/d3-scale/LICENSE,1,731
cpp/build/tools/ui/ui-src/node_modules/d3-random/LICENSE,1,731
cpp/build/tools/ui/ui-src/node_modules/d3-quadtree/LICENSE,1,731
cpp/build/tools/ui/ui-src/node_modules/d3-polygon/LICENSE,1,731
cpp/build/tools/ui/ui-src/node_modules/d3-path/LICENSE,1,731
cpp/build/tools/ui/ui-src/node_modules/d3-interpolate/LICENSE,1,731
cpp/build/tools/ui/ui-src/node_modules/d3-hierarchy/LICENSE,1,731
cpp/build/tools/ui/ui-src/node_modules/d3-format/LICENSE,1,731
cpp/build/tools/ui/ui-src/node_modules/d3-force/LICENSE,1,731
cpp/build/tools/ui/ui-src/node_modules/d3-fetch/LICENSE,1,731
cpp/build/tools/ui/ui-src/node_modules/d3-dsv/LICENSE,1,731
cpp/build/tools/ui/ui-src/node_modules/d3-drag/LICENSE,1,731
cpp/build/tools/ui/ui-src/node_modules/d3-dispatch/LICENSE,1,731
cpp/build/tools/ui/ui-src/node_modules/d3-contour/LICENSE,1,731
cpp/build/tools/ui/ui-src/node_modules/d3-color/LICENSE,1,731
cpp/build/tools/ui/ui-src/node_modules/d3-chord/LICENSE,1,731
cpp/build/tools/ui/ui-src/node_modules/d3-brush/LICENSE,1,731
cpp/build/tools/ui/ui-src/node_modules/d3-axis/LICENSE,1,731
cpp/build/tools/ui/ui-src/node_modules/d3-array/LICENSE,1,731
cpp/build/tools/ui/ui-src/node_modules/electron-to-chromium/LICENSE,1,728
cpp/build/tools/ui/ui-src/node_modules/setprototypeof/LICENSE,1,727
cpp/build/tools/ui/ui-src/node_modules/get-own-enumerable-property-symbols/LICENSE,1,727
cpp/build/tools/ui/ui-src/node_modules/internmap/LICENSE,1,726
cpp/build/tools/ui/ui-src/node_modules/d3-sankey/node_modules/internmap/LICENSE,1,726
prettierrc,3,724
idl,1,675
prettierignore,4,668
cpp/build/tools/ui/ui-src/node_modules/dexie/NOTICE,1,575
flake8,1,565
policytrace,1,540
cpp/build/tools/ui/ui-src/node_modules/@trickfilm400/rollup-plugin-off-main-thread/CONTRIBUTORS,1,476
bin/pwa-assets-generator,1,459
cpp/build/tools/ui/ui-src/node_modules/terser/bin/terser,1,444
bin/baseline-browser-mapping,1,423
bin/parser,1,415
bin/eslint-config-prettier,1,415
bin/storybook,1,413
bin/update-browserslist-db,1,407
bin/svelte-check,1,407
bin/svelte-kit,1,403
bin/http-server,1,403
cpp/build/tools/ui/ui-src/node_modules/recast/example/generic-identity,1,401
bin/why-is-node-running,1,401
bin/is-inside-container,1,401
bin/prettier,1,399
bin/esvalidate,1,399
bin/opener,1,397
bin/mini-svg-data-uri,1,397
S,1,396
bin/tsserver,1,395
bin/playwright,1,395
bin/tsv2json,1,393
bin/rollup,1,393
bin/regjsparser,1,393
bin/playwright-core,1,393
bin/json2tsv,1,393
bin/json2dsv,1,393
bin/json2csv,1,393
bin/js-yaml,1,393
bin/esparse,1,393
bin/dsv2json,1,393
bin/csv2json,1,393
bin/chromatic-cli,1,393
bin/chromatic,1,393
bin/chroma,1,393
bin/tsv2csv,1,391
bin/nanoid,1,391
bin/jiti,1,391
bin/glob,1,391
bin/dsv2dsv,1,391
bin/csv2tsv,1,391
bin/node-which,1,389
bin/marked,1,389
bin/lz-string,1,389
bin/eslint,1,389
bin/resolve,1,387
bin/esbuild,1,387
bin/browserslist,1,387
bin/tsc,1,385
bin/vitest,1,383
bin/terser,1,383
bin/cssesc,1,383
eslintcache,1,382
bin/vite,1,381
bin/json5,1,381
bin/is-docker,1,381
bin/jsesc,1,379
bin/jake,1,379
bin/acorn,1,379
bin/ejs,1,377
bin/sass,1,373
bin/katex,1,373
bin/mime,1,371
bin/he,1,367
cpp/build/tools/ui/ui-src/node_modules/union/examples/socketio/README,1,348
babelrc,9,341
cpp/build/tools/ui/ui-src/node_modules/eslint/node_modules/ajv/scripts/info,1,289
cpp/build/tools/ui/ui-src/node_modules/@eslint/eslintrc/node_modules/ajv/scripts/info,1,289
cpp/build/tools/ui/ui-src/node_modules/eslint/node_modules/ajv/scripts/prepare-tests,1,269
cpp/build/tools/ui/ui-src/node_modules/@eslint/eslintrc/node_modules/ajv/scripts/prepare-tests,1,269
dockerignore,1,261
cpp/Makefile,1,257
ini,2,255
cpp/build/tools/ui/ui-src/node_modules/playwright/NOTICE,1,254
cpp/build/tools/ui/ui-src/node_modules/playwright-core/NOTICE,1,254
cpp/build/tools/ui/ui-src/node_modules/@playwright/test/NOTICE,1,254
cpp/build/tools/ui/ui-src/node_modules/terser/bin/uglifyjs,1,246
plist,1,244
pc,1,244
cpp/build/tools/ui/ui-src/node_modules/rw/test/cat-async,1,244
jshintrc,1,242
swift/Makefile,1,230
example,2,200
cpp/build/tools/ui/ui-src/node_modules/dompurify/src/license_header,1,192
cpp/build/tools/ui/ui-src/node_modules/rw/test/encode-object-async,1,179
cpp/build/tools/ui/ui-src/node_modules/rw/test/wc-async,1,178
cpp/build/tools/ui/ui-src/node_modules/recast/example/identity,1,176
cpp/build/tools/ui/ui-src/node_modules/rw/test/encode-string-async,1,167
gitattributes,6,166
cpp/build/tools/ui/ui-src/node_modules/rw/test/write-async,1,162
marks,50,144
npmignore,9,142
cpp/build/tools/ui/ui-src/node_modules/rw/test/encode-object-sync,1,136
xcworkspacedata,1,135
cpp/build/tools/ui/ui-src/node_modules/rw/test/cat-sync,1,132
cpp/build/tools/ui/ui-src/node_modules/rw/test/encode-string-sync,1,124
cpp/build/tools/ui/ui-src/node_modules/rw/test/wc-sync,1,121
cpp/build/tools/ui/ui-src/node_modules/rw/test/write-sync,1,119
npmrc,2,114
auto-changelog,1,113
ecrc,1,97
check_cache,1,85
browserslist,1,85
sha256,1,78
eslintignore,5,70
browserslistrc,1,67
cpp/build/tools/ui/ui-src/node_modules/acorn/bin/acorn,1,60
cpp/build/tools/ui/ui-src/node_modules/svelte-check/bin/svelte-check,1,53
cpp/build/tools/ui/ui-src/node_modules/typescript/bin/tsserver,1,50
cpp/build/tools/ui/ui-src/node_modules/vite-plugin-devtools-json/node_modules/uuid/dist/esm/bin/uuid,1,45
cpp/build/tools/ui/ui-src/node_modules/uuid/dist-node/bin/uuid,1,45
cpp/build/tools/ui/ui-src/node_modules/typescript/bin/tsc,1,45
last,1,41
cpp/build/tools/ui/ui-src/node_modules/prismjs/_headers,1,35
gitkeep,4,27
github/CODEOWNERS,1,25
nvmrc,4,14
farf,1,7
ui-stamp,1,6
coffee,2,1
typed,1,0
gitmodules,1,0
err,1,0
