chunk_size,ratio,arm,policy,compute,rep,touches,bytes_touched,wall_ns,absent_handled,evictions,infeasible,prefetches,pager_bytes_fetched,io_read_bytes_delta,dedup_resident,dedup_fetching,pin_broken,rc
8388608,0.25,C,lru,0,1,1280,10737418240,5735129624,1280,1216,0,0,10737418240,10737422336,1194,5539,0,0
8388608,0.25,C,lru,0,2,1280,10737418240,5645484355,1280,1216,0,0,10737418240,10737418240,1179,5582,0,0
8388608,0.25,C,lru,0,3,1280,10737418240,5655492545,1280,1216,0,0,10737418240,10737418240,1203,5757,0,0
8388608,0.25,D,layer_order_learned,0,1,1280,10737418240,4826405454,1094,1030,0,0,9177137152,9177137152,1019,4907,0,0
8388608,0.25,D,layer_order_learned,0,2,1280,10737418240,4828126752,1089,1025,0,0,9135194112,9135194112,991,4857,0,0
8388608,0.25,D,layer_order_learned,0,3,1280,10737418240,4756707018,1095,1031,0,0,9185525760,9185525760,1008,4670,0,0
8388608,0.25,D,layer_order_declared,0,1,1280,10737418240,4593328451,1024,960,0,0,8589934592,8589934592,1005,4276,0,0
8388608,0.25,D,layer_order_declared,0,2,1280,10737418240,4492655489,1024,960,0,0,8589934592,8589934592,982,4540,0,0
8388608,0.25,D,layer_order_declared,0,3,1280,10737418240,4693396558,1024,960,0,0,8589934592,8589934592,948,4253,0,0
8388608,0.25,E,layer_order_learned,0,1,1280,10737418240,4388063435,659,1135,0,540,10057940992,10057940992,842,2923,0,0
8388608,0.25,E,layer_order_learned,0,2,1280,10737418240,4357018820,737,1167,0,494,10326376448,10326376448,775,3036,0,0
8388608,0.25,E,layer_order_learned,0,3,1280,10737418240,4462959994,676,1142,0,530,10116661248,10116661248,812,2925,0,0
8388608,0.25,E,layer_order_declared,0,1,1280,10737418240,3815308004,347,960,0,677,8589934592,8589934592,972,1580,0,0
8388608,0.25,E,layer_order_declared,0,2,1280,10737418240,3852035243,350,960,0,674,8589934592,8589934592,979,1592,0,0
8388608,0.25,E,layer_order_declared,0,3,1280,10737418240,3705282347,347,960,0,677,8589934592,8589934592,965,1615,0,0
8388608,0.25,C,lru,400000,1,1280,10737418240,6503694554,1280,1216,0,0,10737418240,10737418240,1280,1404,0,0
8388608,0.25,C,lru,400000,2,1280,10737418240,6530864763,1280,1216,0,0,10737418240,10737418240,1279,1204,0,0
8388608,0.25,C,lru,400000,3,1280,10737418240,6577216141,1280,1216,0,0,10737418240,10737418240,1280,1426,0,0
8388608,0.25,D,layer_order_learned,400000,1,1280,10737418240,7062439631,1410,1346,0,0,11827937280,11827937280,1071,2333,0,0
8388608,0.25,D,layer_order_learned,400000,2,1280,10737418240,6541443355,1344,1280,0,0,11274289152,11274289152,1073,2059,0,0
8388608,0.25,D,layer_order_learned,400000,3,1280,10737418240,6962732093,1384,1320,0,0,11609833472,11609833472,1065,2212,0,0
8388608,0.25,D,layer_order_declared,400000,1,1280,10737418240,5323322916,1024,960,0,0,8589934592,8589934592,1022,1156,0,0
8388608,0.25,D,layer_order_declared,400000,2,1280,10737418240,5465194001,1024,960,0,0,8589934592,8589934592,1023,1311,0,0
8388608,0.25,D,layer_order_declared,400000,3,1280,10737418240,5576161262,1024,960,0,0,8589934592,8589934592,1024,1043,0,0
8388608,0.25,E,layer_order_learned,400000,1,1280,10737418240,5708330854,786,1328,0,606,11676942336,11676942336,839,1664,0,0
8388608,0.25,E,layer_order_learned,400000,2,1280,10737418240,5425309557,750,1226,0,540,10821304320,10821304320,806,1534,0,0
8388608,0.25,E,layer_order_learned,400000,3,1280,10737418240,5558429678,773,1269,0,560,11182014464,11182014464,826,1452,0,0
8388608,0.25,E,layer_order_declared,400000,1,1280,10737418240,4339651493,346,960,0,678,8589934592,8589934592,1002,412,0,0
8388608,0.25,E,layer_order_declared,400000,2,1280,10737418240,4392131333,346,960,0,678,8589934592,8589934592,1003,426,0,0
8388608,0.25,E,layer_order_declared,400000,3,1280,10737418240,4314772278,346,960,0,678,8589934592,8589934592,998,443,0,0
8388608,0.5,C,lru,0,1,1280,10737418240,5689749202,1280,1152,0,0,10737418240,10737418240,1168,5623,0,0
8388608,0.5,C,lru,0,2,1280,10737418240,5528637844,1280,1152,0,0,10737418240,10737418240,1182,5598,0,0
8388608,0.5,C,lru,0,3,1280,10737418240,5630170784,1280,1152,0,0,10737418240,10737418240,1193,5471,0,0
8388608,0.5,D,layer_order_learned,0,1,1280,10737418240,3846046477,897,769,0,0,7524581376,7524581376,845,3955,0,0
8388608,0.5,D,layer_order_learned,0,2,1280,10737418240,4182567896,900,772,0,0,7549747200,7549747200,831,3897,0,0
8388608,0.5,D,layer_order_learned,0,3,1280,10737418240,4027893121,897,769,0,0,7524581376,7524581376,856,3768,0,0
8388608,0.5,D,layer_order_declared,0,1,1280,10737418240,3425337630,768,640,0,0,6442450944,6442450944,744,3393,0,0
8388608,0.5,D,layer_order_declared,0,2,1280,10737418240,3563955314,768,640,0,0,6442450944,6442450944,729,3379,0,0
8388608,0.5,D,layer_order_declared,0,3,1280,10737418240,3409103476,768,640,0,0,6442450944,6442450944,727,3357,0,0
8388608,0.5,E,layer_order_learned,0,1,1280,10737418240,4050697158,640,1020,0,508,9630121984,9630121984,684,2351,0,0
8388608,0.5,E,layer_order_learned,0,2,1280,10737418240,3346640597,500,749,0,377,7356809216,7356809216,723,2309,0,0
8388608,0.5,E,layer_order_learned,0,3,1280,10737418240,3436341487,540,802,0,390,7801405440,7801405440,737,2308,0,0
8388608,0.5,E,layer_order_declared,0,1,1280,10737418240,2845399538,263,640,0,505,6442450944,6442450944,722,1151,0,0
8388608,0.5,E,layer_order_declared,0,2,1280,10737418240,2951947999,266,640,0,502,6442450944,6442450944,693,1133,0,0
8388608,0.5,E,layer_order_declared,0,3,1280,10737418240,2903000778,262,640,0,506,6442450944,6442450944,717,1155,0,0
8388608,0.5,C,lru,400000,1,1280,10737418240,6627819879,1280,1152,0,0,10737418240,10737418240,1280,1294,0,0
8388608,0.5,C,lru,400000,2,1280,10737418240,6681284249,1280,1152,0,0,10737418240,10737418240,1278,1500,0,0
8388608,0.5,C,lru,400000,3,1280,10737418240,6660076419,1280,1152,0,0,10737418240,10737418240,1277,1464,0,0
8388608,0.5,D,layer_order_learned,400000,1,1280,10737418240,5647337739,1079,951,0,0,9051308032,9051308032,902,1461,0,0
8388608,0.5,D,layer_order_learned,400000,2,1280,10737418240,5742468827,1075,947,0,0,9017753600,9017753600,893,1445,0,0
8388608,0.5,D,layer_order_learned,400000,3,1280,10737418240,5717900275,1082,954,0,0,9076473856,9076473856,902,1571,0,0
8388608,0.5,D,layer_order_declared,400000,1,1280,10737418240,4486475722,768,640,0,0,6442450944,6442450944,768,839,0,0
8388608,0.5,D,layer_order_declared,400000,2,1280,10737418240,4324711582,768,640,0,0,6442450944,6442450944,767,863,0,0
8388608,0.5,D,layer_order_declared,400000,3,1280,10737418240,4558564836,768,640,0,0,6442450944,6442450944,767,999,0,0
8388608,0.5,E,layer_order_learned,400000,1,1280,10737418240,4038320484,526,756,0,358,7415529472,7415529472,708,751,0,0
8388608,0.5,E,layer_order_learned,400000,2,1280,10737418240,4476996918,573,843,0,398,8145338368,8145338368,740,949,0,0
8388608,0.5,E,layer_order_learned,400000,3,1280,10737418240,4176797196,514,745,0,359,7323254784,7323254784,695,838,0,0
8388608,0.5,E,layer_order_declared,400000,1,1280,10737418240,3465533897,262,640,0,506,6442450944,6442450944,731,345,0,0
8388608,0.5,E,layer_order_declared,400000,2,1280,10737418240,3596906922,262,640,0,506,6442450944,6442450944,734,330,0,0
8388608,0.5,E,layer_order_declared,400000,3,1280,10737418240,3591674871,262,640,0,506,6442450944,6442450944,733,303,0,0
8388608,0.75,C,lru,0,1,1280,10737418240,5671370243,1280,1088,0,0,10737418240,10737418240,1196,5466,0,0
8388608,0.75,C,lru,0,2,1280,10737418240,5669393230,1280,1088,0,0,10737418240,10737418240,1183,5538,0,0
8388608,0.75,C,lru,0,3,1280,10737418240,5691219002,1280,1088,0,0,10737418240,10737418240,1201,5477,0,0
8388608,0.75,D,layer_order_learned,0,1,1280,10737418240,2933580504,643,451,0,0,5393874944,5393874944,609,2840,0,0
8388608,0.75,D,layer_order_learned,0,2,1280,10737418240,3007494902,641,449,0,0,5377097728,5377097728,603,2613,0,0
8388608,0.75,D,layer_order_learned,0,3,1280,10737418240,3029759611,643,451,0,0,5393874944,5393874944,596,2835,0,0
8388608,0.75,D,layer_order_declared,0,1,1280,10737418240,2514935656,512,320,0,0,4294967296,4294967296,484,2083,0,0
8388608,0.75,D,layer_order_declared,0,2,1280,10737418240,2356392721,512,320,0,0,4294967296,4294967296,497,2181,0,0
8388608,0.75,D,layer_order_declared,0,3,1280,10737418240,2557132089,512,320,0,0,4294967296,4294967296,483,2158,0,0
8388608,0.75,E,layer_order_learned,0,1,1280,10737418240,2523249355,403,396,0,185,4932501504,4932501504,494,1686,0,0
8388608,0.75,E,layer_order_learned,0,2,1280,10737418240,2561574056,395,391,0,188,4890558464,4890558464,492,1684,0,0
8388608,0.75,E,layer_order_learned,0,3,1280,10737418240,2498208433,425,447,0,214,5360320512,5360320512,468,1654,0,0
8388608,0.75,E,layer_order_declared,0,1,1280,10737418240,2042797627,176,320,0,336,4294967296,4294967296,441,802,0,0
8388608,0.75,E,layer_order_declared,0,2,1280,10737418240,2161766530,174,320,0,338,4294967296,4294967296,449,825,0,0
8388608,0.75,E,layer_order_declared,0,3,1280,10737418240,2102555274,175,320,0,337,4294967296,4294967296,442,785,0,0
8388608,0.75,C,lru,400000,1,1280,10737418240,6808128867,1280,1088,0,0,10737418240,10737418240,1279,1824,0,0
8388608,0.75,C,lru,400000,2,1280,10737418240,6930111015,1280,1088,0,0,10737418240,10737418240,1279,1557,0,0
8388608,0.75,C,lru,400000,3,1280,10737418240,6873050371,1280,1088,0,0,10737418240,10737418240,1278,1649,0,0
8388608,0.75,D,layer_order_learned,400000,1,1280,10737418240,4122745791,663,471,0,0,5561647104,5561647104,599,961,0,0
8388608,0.75,D,layer_order_learned,400000,2,1280,10737418240,3856556079,662,470,0,0,5553258496,5553258496,609,988,0,0
8388608,0.75,D,layer_order_learned,400000,3,1280,10737418240,4070100840,662,470,0,0,5553258496,5553258496,598,987,0,0
8388608,0.75,D,layer_order_declared,400000,1,1280,10737418240,3490286935,512,320,0,0,4294967296,4294967296,512,614,0,0
8388608,0.75,D,layer_order_declared,400000,2,1280,10737418240,3303668145,512,320,0,0,4294967296,4294967296,511,593,0,0
8388608,0.75,D,layer_order_declared,400000,3,1280,10737418240,3285574885,512,320,0,0,4294967296,4294967296,512,508,0,0
8388608,0.75,E,layer_order_learned,400000,1,1280,10737418240,3473409160,422,435,0,205,5259657216,5259657216,501,703,0,0
8388608,0.75,E,layer_order_learned,400000,2,1280,10737418240,3337761173,404,405,0,193,5007998976,5007998976,488,607,0,0
8388608,0.75,E,layer_order_learned,400000,3,1280,10737418240,3467603737,418,425,0,199,5175771136,5175771136,499,614,0,0
8388608,0.75,E,layer_order_declared,400000,1,1280,10737418240,2706211567,174,320,0,338,4294967296,4294967296,477,239,0,0
8388608,0.75,E,layer_order_declared,400000,2,1280,10737418240,2819683782,174,320,0,338,4294967296,4294967296,482,256,0,0
8388608,0.75,E,layer_order_declared,400000,3,1280,10737418240,2828570170,175,320,0,337,4294967296,4294967296,461,225,0,0
134217728,0.25,C,lru,0,1,80,10737418240,4763230925,80,76,0,0,10737418240,10737418240,80,144,0,0
134217728,0.25,C,lru,0,2,80,10737418240,4781611977,80,76,0,0,10737418240,10737418240,79,172,0,0
134217728,0.25,C,lru,0,3,80,10737418240,4703063333,80,76,0,0,10737418240,10737418240,79,120,0,0
134217728,0.25,D,layer_order_learned,0,1,80,10737418240,4225797117,69,65,0,0,9261023232,9261023232,68,105,0,0
134217728,0.25,D,layer_order_learned,0,2,80,10737418240,4114986008,69,65,0,0,9261023232,9261023232,68,143,0,0
134217728,0.25,D,layer_order_learned,0,3,80,10737418240,4215293220,69,65,0,0,9261023232,9261023232,69,110,0,0
134217728,0.25,D,layer_order_declared,0,1,80,10737418240,4527018749,75,71,0,0,10066329600,10066329600,74,134,0,0
134217728,0.25,D,layer_order_declared,0,2,80,10737418240,4501485478,75,71,0,0,10066329600,10066329600,75,114,0,0
134217728,0.25,D,layer_order_declared,0,3,80,10737418240,4383003155,75,71,0,0,10066329600,10066329600,74,141,0,0
134217728,0.25,E,layer_order_learned,0,1,80,10737418240,4012923121,46,83,0,41,11676942336,11676942336,58,94,5,0
134217728,0.25,E,layer_order_learned,0,2,80,10737418240,4107396978,53,88,0,39,12348030976,12348030976,50,138,5,0
134217728,0.25,E,layer_order_learned,0,3,80,10737418240,3955945962,47,82,2,39,11542724608,11542724608,55,106,9,0
134217728,0.25,E,layer_order_declared,0,1,80,10737418240,4731623262,40,77,0,41,10871635968,10871635968,77,75,0,0
134217728,0.25,E,layer_order_declared,0,2,80,10737418240,4721393079,40,77,0,41,10871635968,10871635968,78,62,0,0
134217728,0.25,E,layer_order_declared,0,3,80,10737418240,4731841227,40,77,0,41,10871635968,10871635968,78,54,0,0
134217728,0.25,C,lru,400000,1,80,10737418240,5687245273,80,76,0,0,10737418240,10737418240,79,67,0,0
134217728,0.25,C,lru,400000,2,80,10737418240,5719977097,80,76,0,0,10737418240,10737418240,79,74,0,0
134217728,0.25,C,lru,400000,3,80,10737418240,5675211083,80,76,0,0,10737418240,10737418240,80,61,0,0
134217728,0.25,D,layer_order_learned,400000,1,80,10737418240,6200121257,91,87,0,0,12213813248,12213813248,76,125,0,0
134217728,0.25,D,layer_order_learned,400000,2,80,10737418240,6198480418,95,91,0,0,12750684160,12750684160,72,135,0,0
134217728,0.25,D,layer_order_learned,400000,3,80,10737418240,6393458125,95,91,0,0,12750684160,12750684160,78,114,0,0
134217728,0.25,D,layer_order_declared,400000,1,80,10737418240,5491530302,75,71,0,0,10066329600,10066329600,74,84,0,0
134217728,0.25,D,layer_order_declared,400000,2,80,10737418240,5291690847,75,71,0,0,10066329600,10066329600,75,73,0,0
134217728,0.25,D,layer_order_declared,400000,3,80,10737418240,5256084997,75,71,0,0,10066329600,10066329600,75,83,0,0
134217728,0.25,E,layer_order_learned,400000,1,80,10737418240,6105355469,72,116,0,48,16106127360,16106127360,41,189,9,0
134217728,0.25,E,layer_order_learned,400000,2,80,10737418240,6051257215,73,114,0,45,15837691904,15837691904,42,192,8,0
134217728,0.25,E,layer_order_learned,400000,3,80,10737418240,5868390289,69,107,0,42,14898167808,14898167808,42,179,6,0
134217728,0.25,E,layer_order_declared,400000,1,80,10737418240,5242006088,40,77,0,41,10871635968,10871635968,80,59,0,0
134217728,0.25,E,layer_order_declared,400000,2,80,10737418240,5115266515,40,77,0,41,10871635968,10871635968,78,51,0,0
134217728,0.25,E,layer_order_declared,400000,3,80,10737418240,5231414295,40,77,0,41,10871635968,10871635968,78,61,0,0
134217728,0.5,C,lru,0,1,80,10737418240,5032426471,80,72,0,0,10737418240,10737418240,80,124,0,0
134217728,0.5,C,lru,0,2,80,10737418240,4857007363,80,72,0,0,10737418240,10737418240,80,124,0,0
134217728,0.5,C,lru,0,3,80,10737418240,4864474227,80,72,0,0,10737418240,10737418240,80,103,0,0
134217728,0.5,D,layer_order_learned,0,1,80,10737418240,3520319372,57,49,0,0,7650410496,7650410496,56,108,0,0
134217728,0.5,D,layer_order_learned,0,2,80,10737418240,3561842838,57,49,0,0,7650410496,7650410496,56,108,0,0
134217728,0.5,D,layer_order_learned,0,3,80,10737418240,3624507091,57,49,0,0,7650410496,7650410496,56,107,0,0
134217728,0.5,D,layer_order_declared,0,1,80,10737418240,3395913613,55,47,0,0,7381975040,7381975040,54,102,0,0
134217728,0.5,D,layer_order_declared,0,2,80,10737418240,3430058950,55,47,0,0,7381975040,7381975040,54,81,0,0
134217728,0.5,D,layer_order_declared,0,3,80,10737418240,3467248758,55,47,0,0,7381975040,7381975040,55,75,0,0
134217728,0.5,E,layer_order_learned,0,1,80,10737418240,3926509676,46,72,0,34,10737418240,10737418240,53,94,0,0
134217728,0.5,E,layer_order_learned,0,2,80,10737418240,3838238303,46,72,0,34,10737418240,10737418240,54,86,0,0
134217728,0.5,E,layer_order_learned,0,3,80,10737418240,3913118954,46,72,0,34,10737418240,10737418240,54,91,0,0
134217728,0.5,E,layer_order_declared,0,1,80,10737418240,3127491937,26,52,0,34,8053063680,8053063680,58,82,0,0
134217728,0.5,E,layer_order_declared,0,2,80,10737418240,3367089965,26,52,0,34,8053063680,8053063680,57,80,0,0
134217728,0.5,E,layer_order_declared,0,3,80,10737418240,3305387388,27,53,0,34,8187281408,8187281408,56,61,0,0
134217728,0.5,C,lru,400000,1,80,10737418240,5739269933,80,72,0,0,10737418240,10737418240,80,94,0,0
134217728,0.5,C,lru,400000,2,80,10737418240,5909504045,80,72,0,0,10737418240,10737418240,80,79,0,0
134217728,0.5,C,lru,400000,3,80,10737418240,5942550958,80,72,0,0,10737418240,10737418240,80,94,0,0
134217728,0.5,D,layer_order_learned,400000,1,80,10737418240,5293205933,72,64,0,0,9663676416,9663676416,62,80,0,0
134217728,0.5,D,layer_order_learned,400000,2,80,10737418240,5165668938,71,63,0,0,9529458688,9529458688,62,95,0,0
134217728,0.5,D,layer_order_learned,400000,3,80,10737418240,5366253486,73,65,0,0,9797894144,9797894144,59,117,0,0
134217728,0.5,D,layer_order_declared,400000,1,80,10737418240,4529809663,55,47,0,0,7381975040,7381975040,54,66,0,0
134217728,0.5,D,layer_order_declared,400000,2,80,10737418240,4409796308,55,47,0,0,7381975040,7381975040,54,69,0,0
134217728,0.5,D,layer_order_declared,400000,3,80,10737418240,4470689578,55,47,0,0,7381975040,7381975040,54,63,0,0
134217728,0.5,E,layer_order_learned,400000,1,80,10737418240,4936657437,54,77,0,31,11408506880,11408506880,52,105,0,0
134217728,0.5,E,layer_order_learned,400000,2,80,10737418240,4346769006,45,66,0,29,9932111872,9932111872,45,95,0,0
134217728,0.5,E,layer_order_learned,400000,3,80,10737418240,4765232394,51,75,0,32,11140071424,11140071424,49,78,0,0
134217728,0.5,E,layer_order_declared,400000,1,80,10737418240,3737916910,26,52,0,34,8053063680,8053063680,54,30,0,0
134217728,0.5,E,layer_order_declared,400000,2,80,10737418240,3727689169,26,52,0,34,8053063680,8053063680,56,22,0,0
134217728,0.5,E,layer_order_declared,400000,3,80,10737418240,3657684605,26,52,0,34,8053063680,8053063680,55,21,0,0
134217728,0.75,C,lru,0,1,80,10737418240,5004524025,80,68,0,0,10737418240,10737418240,80,120,0,0
134217728,0.75,C,lru,0,2,80,10737418240,4751170492,80,68,0,0,10737418240,10737418240,79,138,0,0
134217728,0.75,C,lru,0,3,80,10737418240,4851892510,80,68,0,0,10737418240,10737418240,79,126,0,0
134217728,0.75,D,layer_order_learned,0,1,80,10737418240,2545857631,41,29,0,0,5502926848,5502926848,40,88,0,0
134217728,0.75,D,layer_order_learned,0,2,80,10737418240,2490250472,41,29,0,0,5502926848,5502926848,40,74,0,0
134217728,0.75,D,layer_order_learned,0,3,80,10737418240,2640671217,41,29,0,0,5502926848,5502926848,40,95,0,0
134217728,0.75,D,layer_order_declared,0,1,80,10737418240,2281646777,35,23,0,0,4697620480,4697620480,35,61,0,0
134217728,0.75,D,layer_order_declared,0,2,80,10737418240,2271720376,35,23,0,0,4697620480,4697620480,34,82,0,0
134217728,0.75,D,layer_order_declared,0,3,80,10737418240,2210907116,35,23,0,0,4697620480,4697620480,35,57,0,0
134217728,0.75,E,layer_order_learned,0,1,80,10737418240,2637922705,35,34,0,11,6174015488,6174015488,41,80,0,0
134217728,0.75,E,layer_order_learned,0,2,80,10737418240,3015743108,37,42,0,17,7247757312,7247757312,50,78,0,0
134217728,0.75,E,layer_order_learned,0,3,80,10737418240,2931484357,37,42,0,17,7247757312,7247757312,49,80,0,0
134217728,0.75,E,layer_order_declared,0,1,80,10737418240,1876901058,16,24,0,20,4831838208,4831838208,34,53,0,0
134217728,0.75,E,layer_order_declared,0,2,80,10737418240,1936549638,16,24,0,20,4831838208,4831838208,33,36,0,0
134217728,0.75,E,layer_order_declared,0,3,80,10737418240,1840852401,16,24,0,20,4831838208,4831838208,35,57,0,0
134217728,0.75,C,lru,400000,1,80,10737418240,5837323381,80,68,0,0,10737418240,10737418240,80,73,0,0
134217728,0.75,C,lru,400000,2,80,10737418240,5815030644,80,68,0,0,10737418240,10737418240,80,85,0,0
134217728,0.75,C,lru,400000,3,80,10737418240,5892685261,80,68,0,0,10737418240,10737418240,79,65,0,0
134217728,0.75,D,layer_order_learned,400000,1,80,10737418240,3643185786,47,35,0,0,6308233216,6308233216,40,78,0,0
134217728,0.75,D,layer_order_learned,400000,2,80,10737418240,3937954283,46,34,0,0,6174015488,6174015488,40,57,0,0
134217728,0.75,D,layer_order_learned,400000,3,80,10737418240,3960399365,49,37,0,0,6576668672,6576668672,46,54,0,0
134217728,0.75,D,layer_order_declared,400000,1,80,10737418240,3397803059,35,23,0,0,4697620480,4697620480,34,32,0,0
134217728,0.75,D,layer_order_declared,400000,2,80,10737418240,3287174423,35,23,0,0,4697620480,4697620480,35,35,0,0
134217728,0.75,D,layer_order_declared,400000,3,80,10737418240,3291155754,35,23,0,0,4697620480,4697620480,35,41,0,0
134217728,0.75,E,layer_order_learned,400000,1,80,10737418240,4045032658,41,42,0,13,7247757312,7247757312,44,64,0,0
134217728,0.75,E,layer_order_learned,400000,2,80,10737418240,4160044126,40,44,0,16,7516192768,7516192768,45,67,0,0
134217728,0.75,E,layer_order_learned,400000,3,80,10737418240,4167844370,41,42,0,13,7247757312,7247757312,44,52,0,0
134217728,0.75,E,layer_order_declared,400000,1,80,10737418240,2719943012,15,23,0,20,4697620480,4697620480,31,27,0,0
134217728,0.75,E,layer_order_declared,400000,2,80,10737418240,2699673684,15,23,0,20,4697620480,4697620480,30,23,0,0
134217728,0.75,E,layer_order_declared,400000,3,80,10737418240,2705901602,15,23,0,20,4697620480,4697620480,30,15,0,0
