ratio,arm,policy,prefetch,rep,B_bytes,budget_bytes,memory_max,n_prompt,n_decoded,load_s,ttft_ms,p99_inter_ms,wall_s,tokens_s,io_gen_bytes,pager_bytes_fetched,absent_handled,evictions,prefetches,infeasible,pin_broken,dedup_fetching,prefetch_declined,fetching_timeout,resident_end,memory_peak,protect_current,signal_mode,rc
0.25,C,lru,off,1,526233600,526233600,660451328,16,64,0.192,1384.36,1064.147,65.107,0.983,144411901952,144412164096,2817,2813,0,0,0,484,0,0,479617024,631816192,off,pre,0
0.25,D,layer_order_declared,off,1,526233600,526233600,660451328,16,64,0.186,1238.47,950.256,57.310,1.117,124965801984,124966064128,2689,2686,0,0,0,464,0,0,479608832,626532352,off,pre,0
0.25,E,layer_order_declared,on,1,526233600,526233600,660451328,16,64,0.185,966.83,1007.668,53.960,1.186,142876008448,142876233728,1064,2760,1700,0,0,605,20,0,479617024,631808000,off,pre,0
0.25,C,lru,off,2,526233600,526233600,660451328,16,64,0.187,1308.18,1090.228,66.640,0.960,144411901952,144412164096,2817,2813,0,0,0,490,0,0,479617024,631193600,off,pre,0
0.25,D,layer_order_declared,off,2,526233600,526233600,660451328,16,64,0.181,1274.70,922.368,57.542,1.112,124965801984,124966064128,2689,2686,0,0,0,455,0,0,479608832,627138560,off,pre,0
0.25,E,layer_order_declared,on,2,526233600,526233600,660451328,16,64,0.209,959.82,880.904,52.690,1.215,142077767680,142078005248,1042,2747,1708,0,0,721,10,0,479608832,632438784,off,pre,0
0.25,C,lru,off,3,526233600,526233600,660451328,16,64,0.192,1302.43,1097.216,66.045,0.969,144411901952,144412164096,2817,2813,0,0,0,490,0,0,479617024,631877632,off,pre,0
0.25,D,layer_order_declared,off,3,526233600,526233600,660451328,16,64,0.182,1197.93,926.714,56.334,1.136,124965801984,124966064128,2689,2686,0,0,0,437,0,0,479608832,627679232,off,pre,0
0.25,E,layer_order_declared,on,3,526233600,526233600,660451328,16,64,0.191,966.60,867.947,52.577,1.217,140722212864,140722425856,1055,2706,1654,0,0,588,35,0,479608832,632045568,off,pre,0
0.375,C,lru,off,1,789350400,789350400,923568128,16,64,0.188,1339.60,1076.941,66.696,0.960,143227273216,143227535360,2753,2743,0,0,0,481,0,0,769626112,893079552,off,pre,0
0.375,D,layer_order_declared,off,1,789350400,789350400,923568128,16,64,0.178,1166.19,834.879,47.744,1.340,98506473472,98506649600,2141,2132,0,0,0,469,0,0,757862400,895565824,off,pre,0
0.375,E,layer_order_declared,on,1,789350400,789350400,923568128,16,64,0.190,938.13,725.746,41.618,1.538,110697590784,110747095040,936,2318,1391,0,0,294,0,0,757858304,893849600,off,pre,0
0.375,C,lru,off,2,789350400,789350400,923568128,16,64,0.182,1294.69,1067.477,66.326,0.965,143227273216,143227535360,2753,2743,0,0,0,476,0,0,769626112,892579840,off,pre,0
0.375,D,layer_order_declared,off,2,789350400,789350400,923568128,16,64,0.186,1169.21,765.470,45.970,1.392,98506473472,98506649600,2141,2132,0,0,0,458,0,0,757862400,895561728,off,pre,0
0.375,E,layer_order_declared,on,2,789350400,789350400,923568128,16,64,0.186,905.50,738.692,41.710,1.534,111146143744,111146319872,937,2327,1400,0,0,261,0,0,751783936,893853696,off,pre,0
0.375,C,lru,off,3,789350400,789350400,923568128,16,64,0.180,1265.88,1088.246,66.728,0.959,143227273216,143227535360,2753,2743,0,0,0,481,0,0,769626112,891969536,off,pre,0
0.375,D,layer_order_declared,off,3,789350400,789350400,923568128,16,64,0.181,1211.53,804.040,47.277,1.354,98506473472,98506649600,2141,2132,0,0,0,477,0,0,757862400,895107072,off,pre,0
0.375,E,layer_order_declared,on,3,789350400,789350400,923568128,16,64,0.182,933.20,734.976,42.037,1.522,111520169984,111619010560,947,2350,1412,0,0,301,0,0,757858304,894111744,off,pre,0
0.5,C,lru,off,1,1052467200,1052467200,1186684928,16,64,0.180,1318.50,1013.226,63.160,1.013,134509412352,134509674496,2561,2545,0,0,0,476,0,0,1041793024,1158688768,off,pre,0
0.5,D,layer_order_declared,off,1,1052467200,1052467200,1186684928,16,64,0.178,1208.45,661.183,37.974,1.685,78895312896,78895448064,1734,1718,0,0,0,460,0,0,1036124160,1160355840,off,pre,0
0.5,E,layer_order_declared,on,1,1052467200,1052467200,1186684928,16,64,0.185,899.50,660.914,34.074,1.878,84905295872,84954775552,778,1776,1013,0,0,397,0,0,1035841536,1159368704,off,pre,0
0.5,C,lru,off,2,1052467200,1052467200,1186684928,16,64,0.182,1266.92,1015.147,63.474,1.008,134509412352,134509674496,2561,2545,0,0,0,476,0,0,1041793024,1157718016,off,pre,0
0.5,D,layer_order_declared,off,2,1052467200,1052467200,1186684928,16,64,0.176,1181.71,803.303,39.282,1.629,78895312896,78895448064,1734,1718,0,0,0,426,0,0,1036124160,1159249920,off,pre,0
0.5,E,layer_order_declared,on,2,1052467200,1052467200,1186684928,16,64,0.182,909.24,620.127,34.043,1.880,84840947712,84890435584,762,1768,1021,0,0,394,0,0,1041920000,1159745536,off,pre,0
0.5,C,lru,off,3,1052467200,1052467200,1186684928,16,64,0.181,1280.67,1041.056,62.810,1.019,134509412352,134509674496,2561,2545,0,0,0,476,0,0,1041793024,1159073792,off,pre,0
0.5,D,layer_order_declared,off,3,1052467200,1052467200,1186684928,16,64,0.183,1202.49,689.357,38.787,1.650,78895312896,78895448064,1734,1718,0,0,0,445,0,0,1036124160,1160265728,off,pre,0
0.5,E,layer_order_declared,on,3,1052467200,1052467200,1186684928,16,64,0.187,937.01,697.366,35.117,1.822,84458864640,84459032576,766,1771,1021,0,0,385,0,0,1030172672,1160724480,off,pre,0
0.625,C,lru,off,1,1315584000,1315584000,1449801728,16,64,0.179,1355.19,1056.245,64.512,0.992,134509412352,134509674496,2561,2539,0,0,0,476,0,0,1295319040,1421283328,off,pre,0
0.625,D,layer_order_declared,off,1,1315584000,1315584000,1449801728,16,64,0.189,1252.60,508.051,29.654,2.158,59658723328,59658858496,1300,1278,0,0,0,473,0,0,1313972224,1421864960,off,pre,0
0.625,E,layer_order_declared,on,1,1315584000,1315584000,1449801728,16,64,0.183,959.89,484.628,27.373,2.338,62652121088,62652260352,653,1310,677,0,0,266,0,0,1270571008,1422790656,off,pre,0
0.625,C,lru,off,2,1315584000,1315584000,1449801728,16,64,0.206,1375.93,1137.781,64.875,0.987,134509412352,134509674496,2561,2539,0,0,0,476,0,0,1295319040,1420423168,off,pre,0
0.625,D,layer_order_declared,off,2,1315584000,1315584000,1449801728,16,64,0.183,1216.49,492.473,29.241,2.189,59658723328,59658858496,1300,1278,0,0,0,474,0,0,1313972224,1421795328,off,pre,0
0.625,E,layer_order_declared,on,2,1315584000,1315584000,1449801728,16,64,0.191,982.83,474.444,27.462,2.331,62873337856,62922817536,629,1309,701,0,0,287,0,0,1301389312,1422004224,off,pre,0
0.625,C,lru,off,3,1315584000,1315584000,1449801728,16,64,0.187,1353.74,1034.881,63.402,1.009,134509412352,134509674496,2561,2539,0,0,0,476,0,0,1295319040,1421271040,off,pre,0
0.625,D,layer_order_declared,off,3,1315584000,1315584000,1449801728,16,64,0.184,1262.90,506.231,29.498,2.170,59658723328,59658858496,1300,1278,0,0,0,458,0,0,1313972224,1422614528,off,pre,0
0.625,E,layer_order_declared,on,3,1315584000,1315584000,1449801728,16,64,0.177,898.56,513.168,27.243,2.349,62851637248,62851776512,675,1313,658,0,0,245,0,0,1276788736,1423302656,off,pre,0
0.75,C,lru,off,1,1578700800,1578700800,1712918528,16,64,0.181,1402.17,1197.323,65.745,0.973,134509412352,134509674496,2561,2533,0,0,0,471,0,0,1542615040,1682575360,off,pre,0
0.75,D,layer_order_declared,off,1,1578700800,1578700800,1712918528,16,64,0.191,1319.26,407.634,22.477,2.847,41937813504,41937915904,915,887,0,0,0,359,0,0,1573572608,1686224896,off,pre,0
0.75,E,layer_order_declared,on,1,1578700800,1578700800,1712918528,16,64,0.194,1016.68,384.092,20.786,3.079,43125473280,43125579776,495,890,422,0,0,182,0,0,1560592384,1684873216,off,pre,0
0.75,C,lru,off,2,1578700800,1578700800,1712918528,16,64,0.221,1426.94,1157.266,67.245,0.952,134509412352,134509674496,2561,2533,0,0,0,476,0,0,1542615040,1682731008,off,pre,0
0.75,D,layer_order_declared,off,2,1578700800,1578700800,1712918528,16,64,0.189,1351.44,451.556,22.793,2.808,41937813504,41937915904,915,887,0,0,0,356,0,0,1573572608,1686835200,off,pre,0
0.75,E,layer_order_declared,on,2,1578700800,1578700800,1712918528,16,64,0.189,1039.80,414.597,21.041,3.042,43350745088,43350843392,485,897,438,0,0,175,0,0,1548820480,1687085056,off,pre,0
0.75,C,lru,off,3,1578700800,1578700800,1712918528,16,64,0.186,1362.79,1155.344,66.171,0.967,134509412352,134509674496,2561,2533,0,0,0,476,0,0,1542615040,1682464768,off,pre,0
0.75,D,layer_order_declared,off,3,1578700800,1578700800,1712918528,16,64,0.218,1390.71,408.966,22.236,2.878,41937813504,41937915904,915,887,0,0,0,371,0,0,1573572608,1686048768,off,pre,0
0.75,E,layer_order_declared,on,3,1578700800,1578700800,1712918528,16,64,0.235,1000.47,403.077,20.913,3.060,43429330944,43429429248,489,900,437,0,0,161,0,0,1542873088,1686507520,off,pre,0
