ratio,window,threads,handler,rep,touches,bytes_touched,wall_ns,absent_handled,evictions,infeasible,dedup_resident,dedup_fetching,pager_bytes_fetched,io_read_bytes_delta,censored,exit_code
0.25,0,1,sync,1,80,10737418240,5222165232,69,65,0,0,0,9261023232,9261023232,0,0
0.25,0,1,sync,2,80,10737418240,4475129434,69,65,0,0,0,9261023232,9261023232,0,0
0.25,0,1,sync,3,80,10737418240,4328709161,69,65,0,0,0,9261023232,9261023232,0,0
0.25,0,1,async,1,80,10737418240,4306131775,69,65,0,0,0,9261023232,9261023232,0,0
0.25,0,1,async,2,80,10737418240,4279197385,69,65,0,0,0,9261023232,9261023232,0,0
0.25,0,1,async,3,80,10737418240,4250248923,69,65,0,0,0,9261023232,9261023232,0,0
0.25,0,8,sync,1,80,10737418240,4315742375,69,65,0,0,0,9261023232,9261023232,0,0
0.25,0,8,sync,2,80,10737418240,4228308471,69,65,0,0,0,9261023232,9261023232,0,0
0.25,0,8,sync,3,80,10737418240,4210260589,69,65,0,0,0,9261023232,9261023232,0,0
0.25,0,8,async,1,80,10737418240,4296641183,69,65,0,39,349,9261023232,9261023232,0,0
0.25,0,8,async,2,80,10737418240,4188303993,69,65,0,32,390,9261023232,9261023232,0,0
0.25,0,8,async,3,80,10737418240,4213112641,69,65,0,34,379,9261023232,9261023232,0,0
0.25,1,1,sync,1,80,10737418240,4194583394,69,65,0,0,0,9261023232,9261023232,0,0
0.25,1,1,sync,2,80,10737418240,4059259289,69,65,0,0,0,9261023232,9261023232,0,0
0.25,1,1,sync,3,80,10737418240,4092481736,69,65,0,0,0,9261023232,9261023232,0,0
0.25,1,1,async,1,80,10737418240,4244928221,69,65,0,0,0,9261023232,9261023232,0,0
0.25,1,1,async,2,80,10737418240,4116919085,69,65,0,0,0,9261023232,9261023232,0,0
0.25,1,1,async,3,80,10737418240,4069004482,69,65,0,0,0,9261023232,9261023232,0,0
0.25,1,8,sync,1,80,10737418240,4481159497,70,66,0,0,0,9395240960,9395240960,0,0
0.25,1,8,sync,2,80,10737418240,4455534495,70,66,0,0,0,9395240960,9395249152,0,0
0.25,1,8,sync,3,80,10737418240,4527581553,69,65,0,0,0,9261023232,9261027328,0,0
0.25,1,8,async,1,80,10737418240,4482807175,71,67,0,68,125,9529458688,9529458688,0,0
0.25,1,8,async,2,80,10737418240,4414785944,69,65,0,69,125,9261023232,9261023232,0,0
0.25,1,8,async,3,80,10737418240,4308512590,70,66,0,69,133,9395240960,9395240960,0,0
0.25,2,1,sync,1,80,10737418240,4149574112,69,65,0,0,0,9261023232,9261023232,0,0
0.25,2,1,sync,2,80,10737418240,4114705427,69,65,0,0,0,9261023232,9261023232,0,0
0.25,2,1,sync,3,80,10737418240,4157383237,69,65,0,0,0,9261023232,9261023232,0,0
0.25,2,1,async,1,80,10737418240,4153047842,69,65,0,0,0,9261023232,9261023232,0,0
0.25,2,1,async,2,80,10737418240,4280460187,69,65,0,0,0,9261023232,9261023232,0,0
0.25,2,1,async,3,80,10737418240,4138669164,69,65,0,0,0,9261023232,9261023232,0,0
0.25,2,8,sync,1,80,10737418240,4642091788,77,73,0,0,0,10334765056,10334765056,0,0
0.25,2,8,sync,2,80,10737418240,4589380965,77,73,0,0,0,10334765056,10334765056,0,0
0.25,2,8,sync,3,80,10737418240,4695715809,77,73,0,0,0,10334765056,10334765056,0,0
0.25,2,8,async,1,80,10737418240,4486631189,75,71,0,70,157,10066329600,10066329600,0,0
0.25,2,8,async,2,80,10737418240,4555749249,78,74,0,69,136,10468982784,10468982784,0,0
0.25,2,8,async,3,80,10737418240,4687560382,76,72,0,70,132,10200547328,10200547328,0,0
0.5,0,1,sync,1,80,10737418240,4423938140,57,49,0,0,0,7650410496,7650410496,0,0
0.5,0,1,sync,2,80,10737418240,4041002449,57,49,0,0,0,7650410496,7650410496,0,0
0.5,0,1,sync,3,80,10737418240,3998792548,57,49,0,0,0,7650410496,7650410496,0,0
0.5,0,1,async,1,80,10737418240,3852149222,57,49,0,0,0,7650410496,7650410496,0,0
0.5,0,1,async,2,80,10737418240,3686245885,57,49,0,0,0,7650410496,7650410496,0,0
0.5,0,1,async,3,80,10737418240,3762526641,57,49,0,0,0,7650410496,7650410496,0,0
0.5,0,8,sync,1,80,10737418240,3838060641,57,49,0,0,0,7650410496,7650410496,0,0
0.5,0,8,sync,2,80,10737418240,3726935699,57,49,0,0,0,7650410496,7650410496,0,0
0.5,0,8,sync,3,80,10737418240,3764877303,57,49,0,0,0,7650410496,7650410496,0,0
0.5,0,8,async,1,80,10737418240,3850931784,57,49,0,34,317,7650410496,7650410496,0,0
0.5,0,8,async,2,80,10737418240,3703016401,57,49,0,36,258,7650410496,7650410496,0,0
0.5,0,8,async,3,80,10737418240,3750974894,57,49,0,27,316,7650410496,7650410496,0,0
0.5,1,1,sync,1,80,10737418240,4267016978,57,49,0,0,0,7650410496,7650410496,0,0
0.5,1,1,sync,2,80,10737418240,4286913168,57,49,0,0,0,7650410496,7650410496,0,0
0.5,1,1,sync,3,80,10737418240,3722472962,57,49,0,0,0,7650410496,7650410496,0,0
0.5,1,1,async,1,80,10737418240,3689051458,57,49,0,0,0,7650410496,7650410496,0,0
0.5,1,1,async,2,80,10737418240,3646326346,57,49,0,0,0,7650410496,7650410496,0,0
0.5,1,1,async,3,80,10737418240,3613918067,57,49,0,0,0,7650410496,7650410496,0,0
0.5,1,8,sync,1,80,10737418240,3893249845,60,52,0,0,0,8053063680,8053063680,0,0
0.5,1,8,sync,2,80,10737418240,3616443142,58,50,0,0,0,7784628224,7784628224,0,0
0.5,1,8,sync,3,80,10737418240,3663796736,59,51,0,0,0,7918845952,7918845952,0,0
0.5,1,8,async,1,80,10737418240,3633354131,57,49,0,56,116,7650410496,7650410496,0,0
0.5,1,8,async,2,80,10737418240,3668949407,57,49,0,57,120,7650410496,7650410496,0,0
0.5,1,8,async,3,80,10737418240,3669459288,57,49,0,57,111,7650410496,7650410496,0,0
0.5,2,1,sync,1,80,10737418240,3574146655,57,49,0,0,0,7650410496,7650410496,0,0
0.5,2,1,sync,2,80,10737418240,3689325585,57,49,0,0,0,7650410496,7650410496,0,0
0.5,2,1,sync,3,80,10737418240,3671771938,57,49,0,0,0,7650410496,7650410496,0,0
0.5,2,1,async,1,80,10737418240,3662982045,57,49,0,0,0,7650410496,7650410496,0,0
0.5,2,1,async,2,80,10737418240,3639830450,57,49,0,0,0,7650410496,7650410496,0,0
0.5,2,1,async,3,80,10737418240,3605598633,57,49,0,0,0,7650410496,7650410496,0,0
0.5,2,8,sync,1,80,10737418240,4075816347,66,58,0,0,0,8858370048,8858370048,0,0
0.5,2,8,sync,2,80,10737418240,4047580417,65,57,0,0,0,8724152320,8724152320,0,0
0.5,2,8,sync,3,80,10737418240,3983930134,65,57,0,0,0,8724152320,8724152320,0,0
0.5,2,8,async,1,80,10737418240,3931034081,66,58,0,55,88,8858370048,8858370048,0,0
0.5,2,8,async,2,80,10737418240,3990237779,66,58,0,55,106,8858370048,8858370048,0,0
0.5,2,8,async,3,80,10737418240,3863409117,64,56,0,58,125,8589934592,8589934592,0,0
0.75,0,1,sync,1,80,10737418240,2838598683,41,29,0,0,0,5502926848,5502926848,0,0
0.75,0,1,sync,2,80,10737418240,2559558490,41,29,0,0,0,5502926848,5502926848,0,0
0.75,0,1,sync,3,80,10737418240,2760993899,41,29,0,0,0,5502926848,5502926848,0,0
0.75,0,1,async,1,80,10737418240,2517587266,41,29,0,0,0,5502926848,5502926848,0,0
0.75,0,1,async,2,80,10737418240,2680892434,41,29,0,0,0,5502926848,5502926848,0,0
0.75,0,1,async,3,80,10737418240,2572828643,41,29,0,0,0,5502926848,5502926848,0,0
0.75,0,8,sync,1,80,10737418240,2543323741,41,29,0,0,0,5502926848,5502926848,0,0
0.75,0,8,sync,2,80,10737418240,2945586904,41,29,0,0,0,5502926848,5502926848,0,0
0.75,0,8,sync,3,80,10737418240,2556116952,41,29,0,0,0,5502926848,5502926848,0,0
0.75,0,8,async,1,80,10737418240,2820964515,41,29,0,17,246,5502926848,5502926848,0,0
0.75,0,8,async,2,80,10737418240,2582367672,41,29,0,25,216,5502926848,5502926848,0,0
0.75,0,8,async,3,80,10737418240,2817579547,41,29,0,24,208,5502926848,5502926848,0,0
0.75,1,1,sync,1,80,10737418240,2561807144,41,29,0,0,0,5502926848,5502926848,0,0
0.75,1,1,sync,2,80,10737418240,2995626134,41,29,0,0,0,5502926848,5502926848,0,0
0.75,1,1,sync,3,80,10737418240,2632865047,41,29,0,0,0,5502926848,5502926848,0,0
0.75,1,1,async,1,80,10737418240,5100480641,41,29,0,0,0,5502926848,5502926848,0,0
0.75,1,1,async,2,80,10737418240,2607582878,41,29,0,0,0,5502926848,5502926848,0,0
0.75,1,1,async,3,80,10737418240,3085361418,41,29,0,0,0,5502926848,5502926848,0,0
0.75,1,8,sync,1,80,10737418240,2835081732,43,31,0,0,0,5771362304,5771362304,0,0
0.75,1,8,sync,2,80,10737418240,2708705246,41,29,0,0,0,5502926848,5502926848,0,0
0.75,1,8,sync,3,80,10737418240,2492805490,41,29,0,0,0,5502926848,5502926848,0,0
0.75,1,8,async,1,80,10737418240,4290781835,41,29,0,40,74,5502926848,5502930944,0,0
0.75,1,8,async,2,80,10737418240,2597629153,41,29,0,40,100,5502926848,5502926848,0,0
0.75,1,8,async,3,80,10737418240,2550678590,41,29,0,41,85,5502926848,5502926848,0,0
0.75,2,1,sync,1,80,10737418240,2710331788,41,29,0,0,0,5502926848,5502926848,0,0
0.75,2,1,sync,2,80,10737418240,2541222899,41,29,0,0,0,5502926848,5502926848,0,0
0.75,2,1,sync,3,80,10737418240,2864431101,41,29,0,0,0,5502926848,5503045632,0,0
0.75,2,1,async,1,80,10737418240,3070960243,41,29,0,0,0,5502926848,5502926848,0,0
0.75,2,1,async,2,80,10737418240,2889740548,41,29,0,0,0,5502926848,5502926848,0,0
0.75,2,1,async,3,80,10737418240,2933983751,41,29,0,0,0,5502926848,5502926848,0,0
0.75,2,8,sync,1,80,10737418240,2713195146,43,31,0,0,0,5771362304,5771362304,0,0
0.75,2,8,sync,2,80,10737418240,2773319663,43,31,0,0,0,5771362304,5771362304,0,0
0.75,2,8,sync,3,80,10737418240,2690994705,43,31,0,0,0,5771362304,5771362304,0,0
0.75,2,8,async,1,80,10737418240,2656742539,43,31,0,39,91,5771362304,5771362304,0,0
0.75,2,8,async,2,80,10737418240,2731845846,47,35,0,42,105,6308233216,6308233216,0,0
0.75,2,8,async,3,80,10737418240,2944173154,47,35,0,42,86,6308233216,6308233216,0,0
